Country,1964,1965,1966,1967,1968,1969,1970,1971,1972,1973,1974,1975,1976,1977,1978,1979,1980,1981,1982,1983,1984,1985,1986,1987,1988,1989,1990,1991,1992,1993,1994,1995,1996,1997,1998,1999,2000,2001,2002,2003,2004,2005,2006,2007,2008,2009,2010,2011,2012,2013
Afghanistan,10474903,10697983,10927724,11163656,11411022,11676990,11964906,12273101,12593688,12915499,13223928,13505544,13766792,14003408,14179656,14249493,14185729,13984092,13672870,13300056,12931791,12625292,12372113,12183387,12156685,12414686,13032161,14069854,15472076,17053213,18553819,19789880,20684982,21299350,21752257,22227543,22856302,23677385,24639841,25678639,26693486,27614718,28420974,29145841,29839994,30577756,31411743,32358260,33397058,34499915
Albania,1817098,1869942,1922993,1976140,2029314,2082474,2135599,2188650,2241623,2294578,2347607,2400801,2454255,2508026,2562121,2616530,2671300,2725029,2777592,2831682,2891004,2957390,3033393,3116009,3194854,3255859,3289483,3291695,3266983,3224901,3179442,3141102,3112597,3091902,3079037,3072725,3071856,3077378,3089778,3106701,3124861,3141800,3156607,3169665,3181397,3192723,3204284,3215988,3227373,3238316
Algeria,11654905,11923002,12229853,12572629,12945462,13338918,13746185,14165889,14600659,15052371,15524137,16018195,16533323,17068212,17624756,18205468,18811199,19442423,20095648,20762767,21433070,22098298,22753511,23398470,24035237,24668100,25299182,25930560,26557969,27169903,27751086,28291591,28786855,29242917,29673694,30099010,30533827,30982214,31441848,31913462,32396048,32888449,33391954,33906605,34428028,34950168,35468208,35980193,36485828,36983924
American Samoa,22672,23480,24283,25087,25869,26608,27288,27907,28470,28983,29453,29897,30305,30696,31139,31727,32526,33557,34797,36203,37706,39253,40834,42446,44048,45595,47052,48402,49648,50801,51885,52919,53901,54834,55745,56667,57625,58633,59687,60774,61871,62962,64045,65130,66217,67312,68420,69543,70680,71834
Andorra,17438,18529,19640,20772,21931,23127,24364,25656,26997,28357,29688,30967,32156,33279,34432,35753,37328,39226,41390,43636,45702,47414,48653,49504,50236,51241,52773,54996,57767,60670,63111,64699,65227,64905,64246,63985,64634,66390,69043,72203,75292,77888,79874,81390,82577,83677,84864,86165,87518,88909
Angola,5337063,5431135,5524090,5617242,5713156,5815282,5926333,6047736,6179685,6322194,6474796,6637419,6808850,6989988,7185188,7400231,7638420,7903368,8191774,8491682,8786652,9065562,9322550,9562796,9799680,10052567,10335052,10653515,11002910,11371750,11742960,12105105,12452725,12792237,13138265,13511575,13926373,14388244,14890474,15419943,15957460,16489021,17010366,17525367,18037964,18555115,19081912,19618432,20162517,20714494
Anguilla,6057,6114,6171,6228,6287,6344,6400,6454,6506,6554,6596,6630,6662,6691,6713,6716,6698,6651,6586,6536,6551,6661,6881,7197,7575,7964,8332,8669,8985,9277,9549,9805,10036,10244,10461,10727,11068,11498,12003,12548,13083,13574,14008,14393,14737,15055,15358,15645,15911,16158
Antigua and Barbuda,58653,59844,61032,62226,63401,64528,65587,66554,67419,68182,68848,69420,69910,70301,70533,70525,70228,69639,68803,67792,66701,65614,64539,63510,62669,62192,62202,62754,63802,65238,66895,68642,70450,72322,74190,75985,77656,79165,80507,81716,82838,83916,84952,85935,86881,87802,88710,89612,90510,91404
Argentina,21966478,22296628,22622012,22944941,23273148,23616971,23983358,24376109,24791983,25222223,25654154,26078731,26492716,26899177,27303001,27711808,28131040,28561561,29001060,29447973,29899743,30354240,30810984,31269799,31729130,32187173,32642442,33093579,33540023,33982035,34420352,34855160,35287113,35714929,36134642,36541029,36930709,37302116,37657340,38001251,38340778,38681174,39023850,39368066,39714298,40062470,40412376,40764561,41118986,41473982
Armenia,2138133,2204650,2269475,2332624,2394635,2456370,2518408,2580894,2643464,2705584,2766495,2825650,2882831,2938181,2991954,3044564,3096298,3145885,3192877,3239212,3287588,3339147,3396511,3457054,3510439,3542720,3544695,3512051,3449940,3370373,3290540,3223173,3172185,3134836,3109101,3090624,3076098,3065810,3061067,3060554,3062612,3065954,3069844,3074181,3079087,3084979,3092072,3100236,3108972,3117722
Aruba,57031,57362,57714,58052,58388,58725,59066,59439,59849,60238,60524,60654,60589,60366,60108,59980,60099,60570,61347,62208,62833,63030,62645,61830,61069,61026,62147,64642,68286,72573,76762,80323,83069,85161,86827,88442,90271,92363,94596,96875,99046,100996,102711,104225,105526,106612,107488,108141,108587,108883
Australia,11122567,11359763,11617580,11892163,12175746,12457299,12728362,12987847,13236895,13472175,13690285,13889696,14067994,14227905,14379565,14536839,14709918,14901610,15109659,15332790,15567927,15812088,16066496,16330369,16596096,16853690,17096153,17320633,17529469,17727413,17921818,18118416,18319637,18525153,18734878,18947894,19164351,19382188,19604051,19840120,20103822,20403520,20744295,21119988,21513817,21902300,22268384,22605732,22918688,23213944
Austria,7220812,7268015,7312775,7355039,7394601,7431574,7465908,7497731,7526469,7550638,7568347,7578498,7580564,7575669,7566450,7556551,7548798,7544359,7543194,7545472,7550960,7559621,7570906,7585345,7605095,7632984,7670513,7719577,7778255,7839625,7894229,7935624,7960464,7971553,7976117,7984694,8004712,8038480,8083059,8134235,8185553,8232196,8273208,8309783,8341806,8369639,8393644,8413429,8428915,8441263
Azerbaijan,4440733,4574500,4702919,4826262,4944932,5059921,5172002,5281238,5387375,5490572,5591016,5688997,5784587,5878259,5971198,6064905,6160502,6258490,6358780,6461139,6565062,6670151,6775858,6882160,6989708,7099449,7211692,7327570,7445925,7562075,7669735,7764798,7845310,7913692,7975648,8039312,8110723,8191464,8280252,8376733,8479668,8587902,8701719,8821012,8943600,9066604,9187783,9306023,9421233,9533445
Bahamas,133709,140063,146379,152623,158644,164263,169367,173875,177849,181490,185091,188870,192885,197090,201474,205990,210600,215330,220188,225083,229899,234553,238989,243236,247409,251671,256128,260845,265761,270701,275426,279774,283677,287217,290571,293988,297651,301606,305801,310201,314739,319358,324066,328861,333661,338358,342877,347176,351275,355233
Bahrain,181833,186351,190734,195111,199818,205291,211878,219532,228255,238468,250683,265160,282245,301559,321751,340980,357957,372074,383785,394164,404829,416929,430845,446142,462184,477995,492891,506685,519696,532362,545329,559069,574914,592986,611237,626765,638193,642510,642070,647164,671760,724807,811410,925733,1052359,1169578,1261835,1323535,1359485,1377273
Bangladesh,56071080,57791778,59681186,61702785,63703327,65474474,66881158,67849312,68461849,68933357,69567500,70582168,72053923,73915723,76066342,78342736,80624423,82883616,85156396,87459802,89828434,92283598,94825499,97429290,100062322,102681627,105256026,107768749,110225555,112645460,115059015,117486952,119928682,122370403,124803351,127214841,129592275,131944584,134266428,136514768,138633401,140587922,142353501,143956805,145478300,147030145,148692131,150493658,152408774,154393847
Barbados,234455,235271,235912,236443,236974,237657,238593,239841,241345,242949,244433,245646,246523,247128,247589,248101,248796,249716,250809,252017,253244,254419,255532,256602,257621,258588,259501,260351,261136,261885,262637,263416,264237,265088,265941,266758,267511,268192,268813,269389,269947,270503,271062,271618,272180,272750,273331,273925,274530,275141
Belarus,8521413,8607003,8695396,8785093,8874033,8959479,9039503,9113454,9181971,9246050,9307285,9367004,9425089,9481560,9538046,9596589,9658500,9724106,9792555,9862430,9931687,9998503,10062440,10122880,10177584,10223861,10259700,10284522,10298479,10301336,10293127,10274231,10244354,10204382,10157409,10107518,10057810,10009810,9963383,9917927,9872110,9825102,9776823,9728228,9680690,9636016,9595421,9559441,9527498,9498290
Belgium,9384939,9435244,9479970,9519500,9555402,9590007,9624908,9660688,9696539,9730978,9761867,9787677,9808403,9824685,9836487,9843898,9847297,9846320,9841800,9836784,9835279,9840123,9852488,9871551,9895654,9922158,9949019,9976325,10004469,10032084,10057529,10079873,10098192,10113392,10128653,10148371,10175684,10211264,10254025,10303108,10356993,10414209,10474993,10538758,10602167,10660938,10712066,10754056,10787788,10815599
Belize,103555,106546,109704,112987,116283,119435,122336,124973,127389,129600,131642,133562,135334,137009,138806,141014,143829,147358,151535,156171,160991,165792,170504,175192,179952,184935,190241,195895,201832,207962,214153,220311,226403,232446,238457,244471,250512,256582,262667,268760,274855,280947,287035,293124,299237,305398,311627,317928,324292,330721
Benin,2561022,2602490,2646310,2692610,2741672,2793872,2849508,2908713,2971515,3037990,3108179,3182130,3259918,3341618,3427274,3516917,3610578,3708675,3811326,3917941,4027682,4140176,4254522,4371470,4494242,4627194,4773137,4934077,5108335,5290562,5473217,5651141,5821985,5988093,6154708,6329476,6517810,6721337,6937985,7164976,7397985,7633757,7871707,8112573,8355980,8601771,8849892,9099922,9351838,9606534
Bermuda,48092,48839,49516,50128,50690,51230,51765,52301,52831,53347,53832,54278,54682,55051,55396,55730,56064,56400,56739,57084,57441,57812,58201,58606,59016,59416,59795,60150,60483,60799,61104,61405,61701,61990,62275,62555,62834,63112,63388,63655,63905,64130,64328,64502,64657,64802,64941,65077,65208,65335
Bhutan,251419,258559,266072,274000,282495,291747,301879,312929,324815,337370,350365,363603,377068,390732,404375,417734,430633,442648,453793,464831,476846,490438,506423,524133,540918,553157,558500,555747,546356,533895,523417,518584,520529,528222,540507,555377,571262,588050,606024,624431,642400,659293,674681,688581,701363,713665,725940,738267,750443,762313
Bolivia,3668568,3752892,3839751,3929192,4021551,4117259,4216572,4319564,4426012,4535500,4647442,4761344,4877275,4995172,5114274,5233624,5352649,5471025,5589245,5708585,5830816,5957291,6088253,6223523,6363470,6508417,6658462,6813834,6974168,7138204,7304230,7470925,7637622,7804333,7971237,8138802,8307248,8476709,8646659,8815911,8982917,9146655,9306660,9463497,9618466,9773441,9929849,10088108,10248042,10409761
Bosnia and Herzegovina,3357005,3396402,3432671,3466307,3498470,3530780,3564389,3599885,3636930,3674638,3711662,3747109,3780559,3812557,3844329,3877598,3913536,3949509,3984259,4021590,4066739,4121595,4194370,4279632,4349682,4367069,4308197,4157485,3931372,3677379,3462032,3332098,3305672,3365616,3480285,3601438,3693698,3748370,3775883,3782717,3781358,3781001,3781588,3779034,3774164,3767683,3760149,3752228,3744235,3735880
Botswana,579518,595697,612903,631226,650676,671247,692959,715745,739683,765101,792432,821942,853774,887716,923234,959584,996211,1032889,1069707,1106802,1144442,1182803,1221790,1261235,1301146,1341540,1382371,1423570,1464924,1506037,1546414,1585637,1623704,1660538,1695587,1728179,1757925,1784449,1808103,1830127,1852243,1875673,1900905,1927540,1954822,1981576,2006945,2030738,2053237,2074616
Brazil,82021855,84388983,86735163,89068235,91394916,93727990,96078304,98445131,100828667,103242395,105703409,108224080,110804816,113442106,116138507,118895875,121711864,124588432,127514673,130459023,133380123,136246764,139049440,141791325,144470377,147088677,149650206,152146887,154582103,156985824,159398558,161848162,164342524,166869168,169409713,171936271,174425387,176877135,179289227,181633074,183873377,185986964,187958211,189798070,191543237,193246610,194946470,196655014,198360943,200050487
British Virgin Islands,8621,8808,9007,9216,9426,9626,9810,9978,10134,10272,10389,10484,10552,10604,10671,10798,11013,11326,11727,12205,12743,13324,13951,14618,15290,15926,16491,16970,17371,17724,18070,18440,18844,19270,19702,20117,20499,20844,21156,21446,21721,21990,22253,22511,22762,23007,23245,23478,23705,23928
Brunei,95191,99536,104130,108968,114068,119440,125088,131010,137181,143548,150039,156595,163208,169865,176488,182986,189300,195394,201301,207122,213002,219050,225288,231700,238305,245112,252125,259357,266794,274371,282000,289614,297188,304726,312216,319654,327036,334348,341585,348771,355943,363123,370317,377513,384695,391837,398920,405938,412892,419772
Bulgaria,8140705,8204095,8265527,8324589,8381450,8436396,8489572,8541136,8590839,8637941,8681449,8720706,8754869,8784175,8810299,8835614,8861536,8888449,8914880,8938068,8954236,8960417,8956687,8943245,8917563,8876627,8818915,8743034,8651284,8550495,8449971,8356624,8273011,8198008,8130284,8067041,8006158,7947761,7892666,7840117,7789180,7739115,7689520,7640283,7591322,7542674,7494332,7446135,7397873,7349462
Burkina Faso,5195464,5284154,5378861,5479285,5584807,5694428,5807492,5923949,6044303,6169133,6299238,6435274,6577502,6726016,6881106,7043049,7212088,7388473,7572382,7763888,7963009,8169792,8384383,8606963,8837666,9076631,9323996,9580035,9844931,10118634,10401025,10692138,10992170,11301608,11621159,11951701,12294012,12648474,13015435,13395599,13789736,14198463,14622202,15061127,15515258,15984479,16468714,16967845,17481984,18011507
Burundi,3154474,3212864,3275465,3341476,3406650,3465190,3513499,3549864,3577187,3602204,3634284,3680401,3742452,3819115,3910124,4014190,4129997,4257303,4395560,4542467,4695065,4850597,5008201,5166403,5321108,5467413,5601720,5724030,5835071,5933293,6017127,6086751,6140258,6181493,6223515,6283662,6374347,6499653,6656071,6838764,7039534,7251424,7474363,7707781,7943385,8170853,8382849,8575172,8749387,8911183
Cambodia,5983575,6141404,6310320,6485769,6657435,6811663,6937996,7039481,7118136,7162333,7157572,7097800,6972559,6796368,6618684,6506208,6505693,6636869,6883519,7211815,7570081,7919802,8250479,8571130,8885701,9203893,9531928,9868226,10205755,10539239,10862069,11169233,11458858,11731187,11986128,12224414,12446949,12653684,12845222,13024171,13193961,13357574,13515884,13669857,13822644,13977903,14138255,14305183,14478320,14656016
Cameroon,5909450,6048706,6193834,6345309,6503500,6668834,6841763,7022124,7210272,7407756,7616558,7837926,8072879,8320635,8578425,8842355,9109727,9379109,9651552,9929831,10218016,10518855,10832919,11158600,11493770,11835344,12180819,12529904,12882506,13236573,13589699,13940337,14287475,14631908,14976200,15324051,15678269,16039737,16408085,16783366,17165267,17553589,17948395,18350022,18758778,19175028,19598889,20030362,20468943,20913595
Canada,19309343,19678005,20078135,20501867,20931716,21342600,21716855,22048431,22344104,22614673,22876657,23142272,23416090,23695198,23975639,24250641,24516277,24769849,25016047,25266950,25538860,25842588,26183106,26554540,26943398,27330298,27700854,28051725,28386162,28704519,29009032,29302092,29582222,29850242,30113972,30383823,30667365,30967236,31281727,31608562,31943605,32283413,32627978,32977334,33327954,33675448,34016593,34349561,34674708,34993747
Cape Verde,233809,240301,246724,253087,259610,266624,274282,282888,292150,300922,307657,311349,311403,308423,304077,300726,300047,302737,308230,315410,322560,328481,332775,335966,338857,342646,348165,355655,364727,374820,385101,394946,404166,412893,421203,429278,437238,445096,452740,460031,466784,472883,478267,483023,487371,491621,495999,500585,505335,510213
Cayman Islands,8612,8701,8787,8875,9002,9216,9545,10004,10581,11253,11990,12764,13578,14432,15290,16110,16861,17524,18116,18702,19366,20172,21141,22253,23475,24752,26048,27363,28710,30074,31437,32792,34096,35361,36704,38284,40195,42501,45117,47815,50273,52268,53712,54679,55295,55763,56230,56729,57223,57708
Central African Rep.,1616524,1648838,1682880,1718560,1755258,1792147,1828709,1864764,1900723,1937410,1975985,2017362,2061466,2108232,2158547,2213492,2273630,2339759,2411176,2485120,2557808,2626638,2690250,2749702,2807768,2868515,2934777,3007347,3084958,3165869,3247456,3327710,3406451,3484027,3559604,3632287,3701607,3767068,3829238,3890075,3952281,4017880,4087534,4160940,4237961,4318128,4401051,4486837,4575586,4666833
Chad,3219259,3288547,3357972,3427888,3499681,3575273,3655905,3742580,3834574,3929341,4023300,4114094,4201073,4285738,4370560,4459072,4554089,4656116,4765160,4882913,5011242,5151339,5304490,5470211,5645708,5826974,6011224,6197766,6387856,6583079,6785842,6998108,7219081,7448585,7689836,7946982,8222327,8517944,8831199,9153893,9474792,9785902,10084087,10371839,10653762,10937089,11227208,11525496,11830573,12141876
Channel Islands,113765,114974,116200,117437,118676,119910,121126,122338,123534,124649,125599,126335,126821,127101,127299,127585,128085,128828,129777,130905,132156,133482,134898,136394,137856,139136,140137,140804,141179,141384,141594,141934,142448,143102,143847,144607,145330,145995,146626,147262,147963,148763,149682,150689,151705,152618,153352,153876,154218,154432
Chile,8457066,8655738,8849016,9037026,9220343,9400225,9577572,9752949,9925950,10095485,10260027,10418880,10571597,10719748,10867152,11018910,11178817,11348442,11527274,11714442,11908189,12107225,12310666,12518930,12733409,12956088,13187821,13429315,13678373,13929390,14174890,14409416,14630769,14840038,15039162,15231557,15419820,15604200,15783991,15959793,16132209,16301726,16468677,16633254,16795593,16955737,17113688,17269525,17423214,17574464
China,696171650,710290299,727601056,747678772,769666505,792308749,814622841,836431505,857804035,878305091,897479153,915040954,930744699,944726607,957584105,970179212,983170638,996667562,1010574797,1025090475,1040397958,1056579219,1073792041,1091904967,1110339206,1128297564,1145195229,1160799514,1175230312,1188687527,1201522570,1213986610,1226134423,1237849861,1249020152,1259476966,1269116737,1277903627,1285933789,1293396654,1300552134,1307593489,1314581402,1321481935,1328275524,1334908820,1341335152,1347565324,1353600687,1359368470
Christmas Island,,,,,,,,,,,,,,,,,,,,,,,,,,,,,,,,,,,,,2500,2770,474,433,396,361,1490,1400,,,1400,,,
Cocos Island,,,,,,,,,,,,,,,,,,,,,,,,,,,,,,,,,,,,,635,633,632,630,629,628,574,596,,,596,,,
Colombia,18019927,18555731,19104020,19663029,20225830,20783427,21329811,21861689,22381887,22898136,23421644,23960605,24517307,25089511,25675364,26271401,26874906,27485678,28104254,28729367,29359535,29993539,30630754,31270841,31913250,32557521,33203321,33849971,34497319,35146220,35797965,36453337,37112621,37775054,38439099,39102653,39764166,40422597,41078136,41731914,42385712,43040558,43696540,44352327,45005782,45654044,46294841,46927125,47550708,48165221
Comoros,207856,212097,216728,221755,227075,232529,238032,243481,249000,254997,262030,270467,280464,291816,304071,316582,328861,340778,352416,363759,374852,385740,396391,406798,417077,427392,437876,448576,459515,470765,482401,494486,507062,520151,533754,547864,562469,577569,593170,609271,625876,642974,660559,678602,697034,715774,734750,753943,773344,792913
"Congo, Dem. Rep.",17065408,17543319,18048341,18579012,19130171,19694467,20267009,20845085,21431338,22032669,22658905,23316776,24011465,24740389,25493382,26255837,27018690,27781042,28551259,29341286,30167580,31044153,31963766,32927332,33965482,35117790,36406226,37856212,39443819,41081774,42650247,44067369,45295039,46369335,47373590,48429878,49626200,50989424,52491329,54098245,55754885,57420522,59088415,60772175,62474901,64204304,65965795,67757577,69575394,71419669
"Congo, Rep.",1126584,1157905,1190402,1224134,1259319,1296244,1335088,1375987,1418826,1463231,1508675,1554793,1601410,1648671,1696922,1746676,1798285,1851889,1907330,1964298,2022343,2081152,2140687,2201097,2262489,2325035,2388902,2453938,2520196,2588270,2658948,2732706,2810118,2890841,2973329,3055437,3135773,3213330,3288923,3365171,3445765,3533177,3628561,3730612,3836339,3941454,4042899,4139748,4233063,4324199
Cook Islands,18700,18970,19410,19979,20584,21091,21406,21507,21423,21177,20808,20356,19812,19185,18552,18010,17627,17441,17429,17531,17652,17725,17726,17678,17613,17580,17614,17730,17909,18105,18252,18307,18246,18095,17919,17808,17830,18007,18311,18693,19075,19402,19659,19861,20019,20156,20288,20414,20528,20635
Costa Rica,1532386,1582482,1631723,1680257,1727922,1774614,1820379,1865039,1908913,1953184,1999429,2048812,2101762,2158073,2217457,2279362,2343345,2409385,2477549,2547555,2619058,2691778,2765657,2840660,2916566,2993136,3070240,3147451,3224849,3303412,3384498,3468918,3557095,3648263,3740578,3831504,3919180,4002946,4083197,4160438,4235605,4309413,4381820,4452608,4522124,4590790,4658887,4726575,4793725,4859957
Cote d'Ivoire,4251345,4423736,4602382,4788525,4984378,5192919,5416416,5655462,5909848,6180001,6466158,6768313,7086257,7419474,7767109,8128032,8500985,8885888,9281593,9684478,10089976,10494827,10896269,11294791,11694318,12100741,12517730,12945880,13381799,13820229,14253952,14677200,15089912,15492127,15878555,16242889,16581653,16892864,17180649,17455501,17731840,18020946,18325979,18646754,18987007,19350026,19737800,20152894,20594615,21057316
Croatia,4108808,4121599,4131926,4140383,4148285,4157459,4169217,4183960,4201302,4220795,4241669,4263294,4285523,4308344,4331398,4354275,4376608,4398610,4420169,4440263,4457579,4471404,4480137,4484450,4488560,4498278,4517200,4548076,4588173,4628968,4658613,4669001,4656706,4625390,4582742,4540042,4505533,4481620,4466013,4456587,4449522,4441986,4433791,4425995,4418387,4410864,4403330,4395560,4387376,4378806
Cuba,7777606,7941840,8099779,8252314,8401476,8550671,8701886,8855989,9010586,9160532,9298895,9420828,9525242,9614061,9689324,9754343,9812223,9862283,9905577,9949046,10001593,10069187,10155111,10256694,10366500,10473701,10570328,10654121,10727088,10790686,10847842,10900795,10949206,10992290,11031429,11068382,11104313,11140168,11175434,11208029,11234970,11254242,11265124,11268687,11266905,11262628,11257979,11253665,11249266,11244424
Cyprus,578710,581056,585400,591398,598592,606224,613735,620987,628140,635261,642496,649918,657685,665676,673386,680130,685510,689265,691792,694146,697782,703752,712396,723434,736531,751100,766663,783189,800707,818858,837205,855424,873277,890758,908059,925504,943294,961482,979874,998134,1015806,1032562,1048272,1063027,1077001,1090473,1103647,1116564,1129166,1141453
Czech Rep.,9661235,9686318,9707426,9725518,9743100,9763422,9788863,9819749,9855516,9896416,9942472,9993206,10049465,10110020,10169747,10221861,10261606,10286947,10299490,10302679,10301798,10300844,10300475,10299854,10299711,10300582,10302718,10307130,10313662,10319923,10322561,10319337,10310016,10295984,10278707,10260335,10242890,10225701,10209500,10199327,10201665,10220638,10258796,10313525,10377359,10439735,10492960,10534293,10565678,10589806
Denmark,4722383,4759095,4794927,4829945,4863983,4896948,4928704,4959083,4987806,5014503,5038752,5060227,5079015,5095133,5108145,5117514,5123026,5124545,5122696,5118998,5115476,5113701,5114172,5116854,5122098,5130127,5141034,5155038,5172040,5191370,5212071,5233364,5255213,5277572,5299649,5320488,5339501,5356055,5370507,5384487,5400280,5419444,5442644,5469130,5497312,5524874,5550142,5572594,5592738,5611187
Djibouti,109222,116706,124688,133253,142320,151782,161622,171519,181622,192922,206763,223963,245326,270222,296307,320332,340133,354304,363940,372386,384409,403221,430367,464202,500876,534862,562290,581641,594437,603534,613219,626537,644434,665755,688940,711573,731930,749604,765283,779640,793738,808367,823682,839453,855636,872090,888716,905564,922708,940090
Dominica,63920,65037,66304,67681,69041,70212,71076,71567,71737,71745,71811,72092,72648,73412,74240,74922,75312,75374,75166,74747,74212,73637,73022,72365,71740,71240,70926,70842,70962,71181,71350,71364,71184,70846,70419,70003,69672,69447,69301,69200,69087,68925,68700,68434,68159,67922,67757,67675,67665,67702
Dominican Rep.,3772937,3893484,4015213,4137994,4261702,4386255,4511577,4637627,4764319,4891500,5019002,5146742,5274591,5402683,5531528,5661827,5794074,5928429,6064722,6202698,6341950,6482152,6623094,6764750,6907171,7050480,7194666,7339826,7485619,7631076,7774932,7916309,8054768,8190620,8324680,8458164,8591967,8726256,8860760,8995398,9129965,9264267,9398285,9531954,9664948,9796852,9927320,10056181,10183339,10308609
Ecuador,4994917,5146294,5302370,5463176,5628565,5798368,5972464,6150690,6333049,6519792,6711284,6907740,7109119,7315156,7525548,7739894,7957811,8178948,8403034,8629832,8859125,9090592,9323745,9557974,9792658,10027109,10260587,10493498,10725281,10953182,11173647,11384506,11584074,11774005,11959586,12148188,12345023,12552036,12767415,12987992,13208869,13426402,13639708,13849721,14056740,14261566,14464739,14666055,14864987,15061398
Egypt,30970067,31771227,32586961,33415926,34252634,35089893,35923283,36751162,37577248,38409289,39258086,40132189,41033408,41961731,42921556,43917526,44952497,46025305,47133557,48276547,49453054,50659625,51899728,53166492,54433720,55667119,56843275,57952386,59004372,60020423,61032081,62063810,63120498,64199588,65309201,66457136,67648419,68888032,70174632,71498433,72844998,74203215,75568453,76941572,78323298,79716203,81121077,82536770,83958369,85378440
El Salvador,3146076,3244774,3342957,3440705,3538389,3636782,3736311,3836884,3937757,4037935,4136133,4231358,4323383,4412237,4497535,4578922,4656263,4729467,4798918,4865611,4930893,4995888,5060307,5124240,5189565,5258654,5332842,5413269,5498489,5584047,5663820,5733401,5791403,5839103,5878097,5911094,5940305,5966027,5988233,6008523,6028792,6050513,6074487,6100868,6129628,6160423,6192993,6227491,6264129,6302723
Equatorial Guinea,264745,269429,275472,282446,288703,292015,290907,284913,274893,262377,249569,238240,228534,220448,215415,215116,220582,232676,250712,272217,293701,312634,328119,340825,351694,362325,373887,386536,399843,413730,428005,442527,457321,472486,488039,504001,520380,537195,554429,571999,589794,607739,625777,643936,662327,681115,700401,720213,740471,761050
Eritrea,1577613,1619301,1662247,1706539,1752123,1798934,1847000,1896028,1946213,1998632,2054727,2115400,2181178,2251397,2324290,2397387,2468902,2537333,2602966,2667868,2735121,2806456,2884388,2967048,3046674,3112654,3158295,3180430,3184019,3180541,3186063,3212503,3263016,3335157,3428264,3539885,3667576,3812473,3973973,4145500,4318343,4486155,4645837,4798561,4947521,5097998,5253676,5415280,5580862,5748304
Estonia,1275487,1290996,1306197,1321132,1335846,1350454,1365002,1379574,1394029,1407932,1420709,1431998,1441551,1449609,1456892,1464417,1472898,1482176,1491897,1502292,1513617,1525790,1539549,1554175,1566396,1571840,1567631,1552370,1527660,1497364,1467016,1440710,1419727,1403188,1390414,1379962,1370749,1362823,1356644,1351955,1348449,1345857,1344038,1342873,1342145,1341629,1341140,1340537,1339762,1338832
Ethiopia,24846785,25480202,26128435,26790992,27476546,28197484,28959382,29777985,30642920,31503206,32289683,32958964,33486288,33903618,34294030,34773640,35426282,36282554,37319328,38500829,39768079,41077517,42417873,43802479,45240322,46747612,48333261,49998845,51730288,53502211,55281054,57042197,58774378,60481739,62174171,63868806,65577897,67303731,69040669,70784012,72526620,74263861,75993403,77718436,79446419,81187751,82949541,84734262,86538534,88356373
Faeroe Islands,35985,36391,36820,37262,37707,38139,38547,38928,39288,39641,40008,40403,40829,41281,41757,42258,42779,43305,43831,44364,44920,45497,46133,46802,47370,47659,47558,46995,46050,44953,44022,43483,43416,43746,44358,45070,45743,46358,46944,47472,47915,48258,48475,48572,48597,48625,48708,48863,49075,49326
Falkland Islands (Malvinas),2089,2074,2058,2041,2024,2008,1991,1975,1960,1946,1932,1917,1903,1889,1877,1866,1856,1850,1846,1845,1849,1856,1867,1881,1905,1941,1993,2062,2144,2239,2338,2439,2541,2642,2737,2818,2881,2922,2942,2950,2953,2958,2967,2979,2993,3006,3017,3027,3036,3045
Fiji,450447,463885,476334,487922,498903,509680,520555,531631,542846,554147,565426,576634,587565,598298,609387,621579,635297,651006,668259,685461,700434,711703,718535,721637,722753,724404,728390,735262,744396,754981,765725,775651,784713,793165,800685,806927,811718,814780,816336,817339,819102,822553,828046,835267,843651,852323,860623,868406,875822,882863
Finland,4545748,4564002,4576277,4583461,4588404,4595003,4605998,4622759,4644371,4668510,4691674,4711432,4726845,4739016,4750001,4762803,4779488,4800928,4826163,4853221,4879235,4902206,4921232,4937130,4951685,4967527,4986441,5009160,5034766,5061394,5086368,5107802,5125177,5139257,5151024,5161995,5173370,5185180,5197305,5210595,5226067,5244342,5265936,5290431,5316334,5341546,5364546,5384770,5402627,5418763
France,48194218,48754817,49238715,49655097,50026522,50387730,50763212,51161640,51572812,51980081,52358648,52691826,52974009,53214788,53431051,53646954,53880143,54135673,54408866,54695692,54988578,55281465,55575215,55870924,56162822,56443567,56708260,56956057,57189616,57412239,57628904,57844501,58057570,58270419,58496138,58751572,59047795,59390720,59774531,60183884,60596691,60996506,61378065,61744596,62098413,62444770,62787427,63125894,63457777,63782963
French Guiana,37711,39347,41100,42960,44870,46754,48561,50282,51945,53580,55233,56949,58740,60634,62711,65073,67799,70882,74316,78174,82548,87473,93019,99097,105392,111472,117038,121979,126405,130513,134605,138916,143449,148169,153227,158797,164983,171889,179424,187247,194882,201993,208451,214366,219931,225451,231151,237080,243172,249408
French Polynesia,89768,92859,96177,99708,103387,107129,110872,114591,118303,122041,125862,129803,133865,138027,142290,146651,151098,155637,160251,164893,169500,174024,178450,182788,187044,191237,195383,199464,203481,207494,211583,215798,220172,224667,229171,233532,237638,241448,245000,248357,251622,254870,258119,261345,264541,267685,270764,273777,276731,279632
Gabon,498162,501880,505765,509973,514963,521339,529526,539728,551811,565441,580101,595417,611293,627846,645160,663387,682641,702923,724185,746424,769635,793810,818863,844775,871675,899739,929044,959631,991289,1023531,1055707,1087327,1118215,1148416,1177936,1206862,1235274,1263165,1290532,1317484,1344171,1370729,1397192,1423637,1450310,1477514,1505463,1534262,1563873,1594205
Gambia,402436,409450,417350,426005,435647,446488,458663,472432,487790,504267,521186,538110,554910,571891,589570,608680,629786,652817,677685,704894,735056,768460,805491,845642,887224,927937,966151,1001252,1033748,1064522,1094974,1126183,1158308,1191155,1225044,1260283,1297084,1335674,1376035,1417818,1460493,1503678,1547259,1591357,1636107,1681734,1728394,1776103,1824777,1874360
Georgia,4419666,4477493,4530176,4578194,4622680,4665358,4707491,4749634,4791473,4832396,4871428,4907996,4941721,4973247,5004247,5036986,5073000,5111551,5151606,5193836,5239068,5287002,5339661,5394502,5441216,5466100,5459999,5418521,5346229,5254049,5157814,5069269,4992336,4924569,4863694,4805140,4745765,4685331,4626034,4569880,4519607,4477006,4442825,4415956,4394018,4373630,4352244,4329026,4304363,4278410
Germany,75363329,75963700,76518660,77026811,77477619,77860668,78169287,78398250,78549958,78635758,78672415,78673559,78648816,78600404,78526576,78422458,78288577,78124452,77944929,77784306,77686865,77684875,77783439,77974722,78260173,78637382,79098094,79651903,80282985,80926118,81495194,81929441,82200333,82326019,82350467,82341545,82349027,82384256,82432026,82484111,82524343,82540739,82536138,82516297,82475271,82405365,82302465,82162512,81990837,81804228
Ghana,7610752,7807845,7986643,8150359,8310713,8484140,8681818,8911291,9167822,9435673,9692196,9922663,10119038,10290712,10461377,10664342,10922708,11246007,11624726,12039663,12462279,12871965,13261929,13638708,14010951,14392619,14793415,15216133,15655847,16105502,16554855,16996901,17429209,17855250,18281113,18715676,19165490,19632265,20114361,20610897,21119911,21639806,22170556,22712403,23264176,23824402,24391823,24965816,25545939,26131336
Gibraltar,22885,23248,23582,23894,24178,24431,24654,24838,24985,25117,25262,25440,25663,25920,26182,26406,26565,26648,26667,26647,26619,26608,26620,26650,26697,26757,26830,26921,27032,27145,27233,27283,27279,27231,27188,27214,27348,27615,27989,28410,28793,29075,29237,29296,29287,29257,29244,29254,29278,29309
Greece,8509724,8551005,8596595,8646013,8697173,8746781,8793002,8833582,8870711,8912166,8968522,9046544,9149987,9274357,9408034,9534673,9642504,9728220,9795461,9848045,9892518,9934292,9972624,10007304,10045020,10094241,10160501,10247132,10351229,10464295,10574134,10671809,10754641,10824894,10884604,10937612,10986883,11032395,11073334,11111072,11147261,11183114,11219300,11255717,11291807,11326596,11359346,11390031,11418878,11445691
Greenland,37810,39215,40715,42273,43809,45221,46431,47420,48209,48814,49263,49586,49775,49844,49873,49969,50208,50619,51180,51842,52527,53173,53777,54348,54854,55263,55552,55705,55735,55688,55631,55617,55657,55742,55867,56022,56196,56395,56618,56844,57041,57190,57280,57316,57317,57304,57296,57296,57300,57300
Grenada,94050,94561,94858,94937,94846,94649,94393,94140,93896,93588,93108,92408,91386,90134,89011,88508,88936,90504,93015,95903,98359,99824,100062,99296,97978,96785,96200,96368,97113,98212,99313,100163,100707,101039,101219,101354,101522,101731,101954,102195,102455,102734,103037,103368,103723,104097,104487,104890,105303,105719
Guadeloupe,296326,300691,305052,309291,313303,316932,320063,322773,325123,326970,328124,328514,328008,326826,325673,325493,326951,330293,335282,341489,348247,355037,361790,368563,375102,381130,386465,390937,394606,397815,401061,404700,408845,413372,418110,422791,427214,431337,435222,438895,442413,445814,449103,452253,455247,458057,460666,463069,465282,467335
Guam,74044,75911,77789,79687,81598,83522,85459,87402,89350,91316,93322,95380,97496,99669,101903,104204,106572,109001,111489,114050,116705,119464,122333,125288,128260,131157,133914,136518,138981,141304,143492,145559,147481,149279,151065,152987,155147,157596,160292,163121,165918,168565,171024,173334,175538,177707,179896,182111,184334,186562
Guatemala,4636016,4762956,4892812,5025681,5162058,5302604,5447687,5597742,5752386,5910205,6069254,6228224,6386403,6544422,6703955,6867413,7036484,7211938,7393131,7578625,7766291,7954682,8143365,8333124,8525211,8721429,8923131,9131088,9345130,9564571,9788284,10015675,10246429,10481515,10723154,10974314,11237101,11512637,11800351,12098576,12404764,12717154,13034904,13358842,13690846,14033623,14388929,14757316,15137569,15527502
Guernsey,49329,50077,50782,51468,52099,52697,53287,53759,53818,53827,53792,53721,53630,53555,53485,53422,53360,53415,53846,54280,54718,55159,58440,59441,60484,61544,62623,61289,61675,62037,62367,62668,62951,63243,63527,63806,64080,64342,64587,64818,65031,65228,65409,65573,65726,,,,,
Guinea,3759549,3822583,3890947,3963201,4034827,4099723,4153653,4195876,4228217,4252351,4270991,4286863,4300114,4312321,4329468,4359115,4406831,4477191,4569938,4679999,4799450,4923603,5045781,5170120,5315182,5506436,5759374,6083795,6466435,6871525,7249558,7565235,7805735,7982155,8112650,8226138,8344486,8472339,8604936,8743954,8889321,9041448,9201941,9373619,9559110,9761217,9981590,10221808,10480710,10753680
Guinea-Bissau,598294,597695,596340,594699,594145,596459,602916,613847,628890,647703,669656,694113,721220,750655,780721,809221,834611,856143,874270,890152,905580,921889,939371,957688,976802,996520,1016695,1037431,1058839,1080767,1103003,1125392,1147908,1170619,1193585,1216902,1240655,1264855,1289526,1314795,1340814,1367695,1395492,1424191,1453757,1484120,1515224,1547061,1579632,1612913
Guyana,623694,640447,657885,675725,692968,708276,720738,729796,735823,739970,743915,748809,755174,762481,769570,774748,776856,775589,771521,765434,758499,751636,745015,738589,732806,728147,724931,723448,723615,724909,726552,727979,728990,729743,730458,731496,733101,735327,738011,740925,743743,746235,748321,750068,751578,753013,754493,756040,757623,759262
Haiti,4188276,4272760,4359031,4446944,4535485,4623315,4709644,4794158,4877645,4961817,5049035,5141143,5238431,5340812,5449236,5564724,5687812,5819084,5957920,6102119,6248634,6395193,6540928,6686182,6831374,6977397,7124877,7273530,7422881,7573160,7724690,7877569,8031903,8187204,8342233,8495358,8645371,8791931,8935252,9075399,9212634,9347262,9479136,9608453,9736332,9864241,9993247,10123787,10255644,10388424
Holy See,881,855,817,767,715,672,648,644,660,685,711,729,737,737,733,728,726,728,731,736,742,747,752,757,762,766,770,772,773,774,776,781,791,804,814,809,787,742,678,607,541,492,462,450,450,455,458,459,460,460
Honduras,2279568,2349455,2417101,2483231,2549206,2617017,2688208,2763122,2841609,2924118,3011047,3102649,3199231,3300735,3406539,3515736,3627640,3741932,3858691,3978080,4100422,4225870,4354245,4485151,4618245,4753109,4889311,5026843,5165380,5303798,5440691,5575099,5706605,5835607,5963008,6090164,6218151,6347272,6477525,6609337,6743128,6879243,7017769,7158819,7302742,7449923,7600524,7754687,7912032,8071522
"Hong Kong, China",3694996,3801680,3868368,3901531,3914978,3928817,3958092,4005661,4068311,4147503,4243420,4355208,4485716,4633225,4786467,4930176,5053554,5151920,5228670,5291060,5350313,5414630,5486801,5564427,5644480,5721987,5793857,5857068,5914114,5973754,6048024,6144316,6268283,6414109,6563860,6692636,6783317,6828869,6836766,6822233,6807752,6809859,6832989,6872780,6926368,6987976,7053189,7122187,7196450,7274125
Hungary,10107595,10140871,10173802,10207293,10241753,10277698,10315420,10354275,10393745,10434264,10476458,10520246,10566645,10614041,10656575,10686489,10698534,10690574,10665068,10627145,10584347,10542504,10502732,10464389,10429422,10399695,10376320,10360831,10352695,10348284,10342427,10331403,10313993,10291342,10264982,10237422,10210545,10184663,10159273,10134513,10110393,10086936,10064274,10042572,10021886,10002247,9983645,9966116,9949589,9933795
Iceland,189148,192000,194608,196994,199273,201606,204101,206821,209722,212673,215485,218031,220260,222238,224096,226025,228160,230543,233131,235861,238641,241398,244124,246837,249526,252179,254793,257359,259881,262386,264909,267478,270119,272836,275608,278403,281210,283992,286783,289724,293004,296743,301010,305721,310666,315543,320136,324366,328290,331996
India,486038945,496400381,507115411,518192403,529658233,541544619,553873890,566651479,579871075,593526633,607606569,622096682,636992593,652279308,667917437,683857312,700058589,716493309,733151769,750033539,767146806,784490842,802051806,819800055,837699675,855707358,873785449,891910180,910064576,928226051,946373316,964486155,982553253,1000558144,1018471141,1036258683,1053898107,1071374264,1088694080,1105885689,1122991192,1140042863,1157038539,1173971629,1190863679,1207740408,1224614327,1241491960,1258350971,1275137828
Indonesia,101538797,104146696,106839814,109612753,112461009,115379062,118361740,121405753,124507744,127662293,130863441,134105926,137382075,140688052,144026720,147403681,150820044,154275429,157758440,161245684,164706919,168119209,171472345,174767379,178006800,181197879,184345939,187451800,190512441,193525648,196488446,199400339,202257039,205063468,207839287,210610776,213395411,216203499,219026365,221839235,224606531,227303175,229918547,232461746,234951154,237414495,239870937,242325638,244769110,247188189
Iran,24408927,25063612,25743217,26448218,27173692,27912687,28662011,29421198,30197689,31006191,31866190,32793173,33788867,34853522,35998637,37237306,38576541,40012129,41533339,43130529,44790735,46497235,48257311,50052662,51810746,53437770,54870583,56071545,57067645,57940444,58808655,59757114,60815686,61955730,63133032,64278307,65342319,66313553,67212850,68061695,68893323,69732007,70582086,71435498,72289291,73137148,73973630,74798599,75611798,76407013
Iraq,8227763,8483109,8759064,9054873,9367055,9690613,10021785,10358219,10700247,11049889,11410460,11783644,12170881,12569201,12970635,13364514,13743534,14106693,14457565,14799456,15137560,15477228,15818309,16164205,16528250,16927393,17373767,17871623,18417924,19008018,19633844,20288226,20972915,21686777,22416190,23143629,23857458,24552000,25233067,25914982,26618523,27359461,28140999,28960581,29821136,30724614,31671591,32664942,33703068,34776205
Ireland,2860976,2874711,2887470,2900350,2915420,2935643,2963020,2997907,3039128,3085214,3134031,3183759,3233907,3284081,3332644,3377699,3417798,3452589,3482073,3505714,3523059,3534103,3538519,3537244,3533181,3530188,3531219,3537626,3549302,3565952,3586685,3610958,3638457,3669860,3706687,3750945,3803780,3865820,3935781,4010506,4085676,4158042,4226428,4291258,4352866,4412181,4469900,4525802,4579498,4631391
Isle of Man,49822,50717,51780,52999,54294,55559,56717,57717,58567,59331,60102,60945,61904,62938,63923,64684,65112,65132,64820,64407,64209,64448,65226,66450,67904,69265,70313,70963,71305,71484,71724,72183,72908,73832,74870,75892,76803,77577,78246,78840,79410,79994,80598,81203,81798,82358,82869,83327,83739,84111
Israel,2443420,2522641,2591671,2652723,2711274,2775091,2849534,2936585,3033863,3137027,3239653,3336984,3428067,3514143,3595324,3672295,3745797,3816400,3884594,3951159,4017024,4083495,4149457,4216475,4291626,4384139,4499949,4642324,4807603,4986162,5164345,5332079,5486774,5630785,5765115,5892366,6014953,6131313,6241593,6352106,6471236,6604572,6755143,6920182,7092324,7260949,7418400,7562194,7694670,7818860
Italy,51054762,51453513,51839323,52215095,52584254,52952971,53324772,53700117,54074032,54438147,54781374,55095516,55377233,55627789,55849349,56046086,56221171,56376115,56510204,56622072,56709575,56772141,56808914,56823401,56824700,56824792,56832330,56856059,56895154,56937520,56965197,56968039,56938342,56888300,56851522,56873677,56986329,57199219,57498867,57864332,58263782,58671206,59082100,59495243,59891479,60248654,60550848,60788694,60964145,61087395
Jamaica,1734820,1760400,1783255,1804079,1824153,1845371,1869031,1895729,1924871,1955153,1984678,2012156,2036770,2059107,2080943,2104823,2132390,2164601,2200377,2236865,2270069,2297232,2317284,2331427,2341957,2352279,2364909,2380447,2398249,2418080,2439337,2461516,2484672,2508867,2533550,2558003,2581648,2604321,2625968,2646269,2664897,2681653,2696334,2709042,2720282,2730774,2741052,2751273,2761331,2771179
Japan,96253698,97342773,98495891,99712724,100990902,102326089,103710287,105145914,106619818,108089192,109498615,110808090,111996339,113071149,114057650,114996088,115914688,116823958,117711145,118554190,119320901,119990547,120553260,121023579,121434677,121832924,122251184,122703017,123177552,123653405,124097649,124486744,124814986,125091571,125325617,125531619,125720310,125893623,126048366,126184149,126299414,126392944,126464789,126515486,126544640,126551705,126535920,126497241,126434653,126345235
Jersey,65613,66312,66944,67547,68070,68545,69002,69488,70268,70989,71660,72289,72900,73535,74186,74852,75531,76245,77068,77899,78740,79589,80448,81279,82083,82860,83609,84233,84768,85245,85719,86297,86861,87411,87939,88440,88915,89361,89775,90156,90502,90812,91084,91321,91533,,,,,
Jordan,1059627,1129219,1220890,1330877,1449985,1565143,1666920,1752689,1825322,1887681,1944733,2000538,2055198,2108538,2164159,2226485,2298691,2383227,2479683,2584859,2693837,2803422,2910375,3016540,3129651,3260496,3415567,3599359,3806045,4019284,4216536,4382005,4510082,4606717,4682018,4751501,4827096,4910056,4998372,5096790,5210369,5342002,5495117,5667443,5848952,6025592,6187227,6330169,6457260,6572903
Kazakhstan,11577537,11909001,12200891,12455366,12682452,12897025,13109992,13325342,13540301,13751019,13950987,14136006,14304947,14461277,14610810,14761508,14918991,15082186,15248460,15419454,15596921,15780002,15972358,16167918,16344294,16471823,16530000,16513480,16430903,16293800,16120117,15925853,15712544,15484686,15265189,15082372,14956694,14897666,14901669,14959072,15053492,15171805,15312333,15476093,15655345,15841096,16026367,16206750,16381297,16550975
Kenya,9200107,9504635,9822419,10154382,10502123,10867576,11252318,11657321,12082989,12529622,12997274,13486116,13995982,14527391,15081923,15661593,16267558,16899958,17557466,18237830,18937969,19655192,20387701,21134404,21894026,22665447,23447177,24240108,25042330,25846436,26642887,27425720,28191597,28944780,29696410,30462154,31253701,32076186,32927864,33805301,34702176,35614576,36540948,37485246,38455418,39462188,40512682,41609728,42749418,43923719
Kiribati,36801,37895,39071,40314,41574,42782,43891,44881,45777,46629,47515,48491,49573,50750,52015,53350,54742,56180,57668,59223,60871,62620,64491,66457,68416,70239,71835,73163,74263,75227,76188,77248,78431,79713,81085,82524,84010,85550,87147,88776,90398,91988,93534,95043,96532,98027,99546,101093,102660,104251
"Korea, Dem. Rep.",12011509,12323345,12671954,13048499,13444411,13847248,14246772,14642731,15034521,15411302,15759909,16072089,16341363,16572788,16784068,17000252,17239340,17508435,17802273,18111491,18421195,18720888,19006458,19282372,19556657,19841107,20143212,20466180,20804249,21145052,21471407,21770898,22038893,22278723,22495715,22698674,22894095,23083419,23264576,23436550,23597383,23745941,23882465,24008606,24126329,24238179,24346229,24451285,24553672,24654358
"Korea, Rep.",27772698,28395140,29009251,29610399,30208614,30816726,31443029,32094421,32766592,33442949,34099932,34721507,35299344,35840876,36364813,36898192,37459530,38054603,38674216,39303579,39920981,40509932,41066824,41594331,42089874,42552039,42980365,43372546,43729283,44057249,44365820,44662143,44949627,45227776,45495222,45749004,45987624,46210554,46420867,46624837,46830699,47044126,47267733,47499360,47733951,47963923,48183584,48391343,48588326,48774767
Kosovo,1386360,1399651,1413084,1424735,1436878,1448642,1459678,1472076,1485874,1498456,1512430,1526753,1539760,1552556,1564448,1575960,1600570,1603831,1614480,1624276,1625905,1635482,1644596,1649862,1656892,1664158,1670808,2092679,2227264,2365038,2484175,2567417,2617993,2647850,2654379,2639714,2614315,2571012,2511039,2468091,2433907,2422257,2419235,2421609,2423704,,,,,
Kuwait,433288,484205,535698,588171,641694,696610,753142,811187,870446,930744,991885,1053753,1116083,1178930,1242872,1308718,1376963,1445699,1514013,1584310,1659961,1742083,1835819,1937316,2028166,2083550,2087687,2031004,1924077,1795976,1687552,1627911,1628120,1678812,1763693,1857217,1940786,2009588,2069816,2126786,2189485,2264014,2351441,2447818,2548351,2646286,2736732,2818042,2891553,2959015
Kyrgyzstan,2490244,2573494,2655349,2735838,2814423,2890720,2964499,3035474,3103694,3169771,3234611,3299001,3362961,3426646,3491143,3557793,3627499,3700312,3775764,3853514,3933002,4013498,4095873,4179484,4260325,4333114,4394502,4441582,4476402,4506563,4542747,4592135,4658815,4739263,4823870,4898865,4954850,4987944,5002691,5008348,5018366,5042381,5083724,5139213,5204104,5270894,5334223,5392580,5448085,5503253
Laos,2336091,2391060,2447006,2503880,2562718,2624932,2691207,2762977,2839169,2914999,2983956,3041847,3086518,3120663,3150906,3186599,3234555,3296978,3372093,3457860,3550669,3647754,3748525,3853600,3962714,4075767,4192414,4312348,4434570,4557216,4677981,4795112,4907960,5016576,5120845,5220920,5317060,5408912,5496700,5582028,5667055,5753341,5841572,5931385,6022001,6112143,6200894,6288037,6373934,6458911
Latvia,2236535,2261016,2284026,2305578,2326027,2345942,2365705,2385524,2405177,2424107,2441537,2456971,2470206,2481606,2491929,2502245,2513349,2524804,2536323,2548940,2563992,2582011,2604319,2629552,2652332,2665405,2663905,2645539,2612722,2571110,2528893,2492095,2462617,2438994,2419819,2402452,2384972,2367302,2350340,2334225,2319229,2305528,2293080,2281693,2271198,2261380,2252060,2243142,2234572,2226260
Lebanon,2147273,2203902,2256917,2306528,2355380,2407221,2464286,2528423,2597588,2665458,2723330,2765289,2788641,2796136,2794001,2791308,2794638,2807342,2827767,2851609,2872204,2885481,2888455,2884778,2884840,2902893,2948372,3026061,3130785,3249799,3364891,3462974,3539137,3597350,3644171,3690033,3742329,3802903,3868504,3935421,3998042,4052420,4097457,4134872,4166915,4196990,4227597,4259405,4291719,4324060
Lesotho,915820,933664,952235,971576,991576,1012087,1033044,1054333,1076100,1098849,1123261,1149797,1178551,1209290,1241725,1275421,1309981,1345398,1381537,1417720,1453098,1487079,1519369,1550144,1579900,1609386,1639177,1669190,1699284,1729896,1761558,1794531,1829222,1865218,1900962,1934337,1963878,1988983,2010261,2028976,2047006,2065752,2085561,2106128,2127412,2149201,2171318,2193843,2216850,2240126
Liberia,1230038,1261555,1294368,1328506,1364046,1401077,1439677,1479831,1521565,1565044,1610474,1657971,1706539,1755815,1807164,1862497,1922536,1988931,2059483,2126455,2179471,2211509,2221350,2212690,2189831,2159264,2127098,2091355,2054179,2030591,2039922,2094591,2203809,2360511,2540835,2710963,2847290,2939296,2996082,3037412,3092721,3182539,3313718,3477197,3658460,3835929,3994122,4128572,4244684,4348740
Libya,1561744,1622996,1688870,1759132,1833611,1911968,1994000,2079897,2169965,2264278,2362900,2466000,2572300,2681887,2797780,2924086,3063000,3216430,3381390,3549220,3708142,3849801,3970886,4074021,4164147,4249018,4334459,4421885,4509970,4598629,4687106,4775009,4862665,4951076,5041233,5134324,5231189,5331311,5434293,5541062,5652797,5769709,5893738,6023053,6149620,6262667,6355112,6422772,6469497,6506095
Liechtenstein,18235,18717,19236,19782,20335,20867,21358,21799,22196,22563,22922,23288,23665,24048,24436,24825,25213,25600,25990,26377,26761,27140,27511,27878,28243,28611,28986,29370,29760,30154,30549,30941,31328,31710,32090,32470,32853,33239,33626,34006,34365,34696,34995,35266,35521,35772,36032,36304,36584,36871
Lithuania,2927610,2966462,3003168,3037887,3071192,3104044,3137113,3170575,3204064,3237070,3268867,3298964,3327193,3353830,3379395,3404630,3430089,3455403,3480356,3505769,3532724,3561668,3593334,3626602,3657818,3682059,3695890,3698095,3689943,3673606,3652438,3629104,3604044,3577128,3549816,3523732,3500028,3479622,3462402,3447170,3432060,3415748,3397895,3379043,3359799,3341097,3323611,3307481,3292454,3278337
Luxembourg,328603,331505,333465,334657,335573,336922,339184,342560,346805,351409,355635,358956,361239,362669,363435,363846,364158,364405,364589,364897,365550,366716,368467,370806,373733,377218,381225,385755,390778,396179,401804,407522,413377,419355,425216,430650,435491,439509,442882,446340,450888,457197,465586,475714,486781,497637,507448,515941,523362,530018
"Macao, China",197519,206906,216869,227256,237127,245308,250995,253879,254280,252843,250548,248211,245913,243725,242455,243067,246230,252251,260913,271665,283662,296210,309212,322637,335931,348443,359709,369493,377886,385193,391906,398426,404808,411050,417435,424292,431867,440265,449472,459456,470127,481390,493267,505709,518463,531195,543656,555731,567441,578844
"Macedonia, FYR",1462410,1481397,1498995,1515804,1532371,1549553,1567968,1587484,1607799,1629127,1651721,1675598,1701231,1728165,1754389,1777205,1794830,1806228,1812327,1815719,1820117,1828148,1840767,1857034,1875387,1893409,1909353,1922774,1934265,1944343,1953874,1963484,1973283,1982994,1992404,2001178,2009091,2016075,2022255,2027819,2033039,2038109,2043091,2047922,2052524,2056769,2060563,2063893,2066785,2069219
Madagascar,5623161,5764278,5909996,6060590,6216739,6379309,6548922,6725666,6909376,7100076,7297711,7502097,7713983,7933128,8157215,8383124,8608964,8833875,9059559,9289882,9530197,9784559,10054543,10339739,10639804,10953663,11280625,11620718,11974724,12343496,12728117,13129227,13547271,13981666,14430739,14892172,15364272,15846412,16338968,16842482,17357913,17885967,18426870,18980391,19546282,20124150,20713819,21315135,21928518,22555046
Malawi,3877813,3974682,4074649,4178378,4287627,4404709,4531280,4667889,4814073,4969175,5132087,5301861,5481074,5670199,5863933,6055046,6239898,6409111,6567327,6741249,6967388,7268257,7661008,8128340,8616602,9051225,9380892,9583696,9681728,9721620,9772164,9883350,10070605,10319125,10612353,10922265,11228756,11529337,11833102,12144945,12472794,12822587,13195329,13589404,14005113,14442290,14900841,15380888,15882815,16406945
Malaysia,9286976,9569499,9844029,10112042,10376210,10640883,10909353,11182967,11461117,11742976,12027040,12312736,12600292,12891897,13191366,13503629,13832586,14178739,14542156,14925545,15331937,15762856,16220169,16701745,17200067,17704839,18208562,18707774,19204087,19701263,20205446,20720810,21247102,21781499,22322448,22867698,23414909,23964621,24515323,25060184,25590453,26100241,26586287,27051142,27502008,27949395,28401017,28859154,29321798,29787203
Maldives,100370,102909,105325,107659,110056,112714,115772,119308,123266,127491,131752,135895,139851,143701,147623,151872,156626,161931,167708,173861,180238,186720,193275,199898,206522,213067,219474,225709,231756,237606,243256,248712,253960,259002,263867,268600,273236,277791,282266,286665,290988,295240,299419,303539,307632,311739,315885,320081,324313,328551
Mali,5522231,5597238,5675700,5757783,5844286,5936162,6034022,6138428,6249101,6364760,6483570,6604259,6725776,6848536,6974443,7106248,7245598,7394730,7552338,7712392,7866571,8009705,8139016,8258615,8378673,8513337,8672868,8861362,9076261,9313042,9564231,9824510,10092753,10371338,10662517,10969725,11295324,11639798,12001887,12380104,12772264,13176642,13592796,14020786,14459990,14909813,15369809,15839538,16318897,16808242
Malta,307119,305851,304939,304369,304047,303822,303607,303338,303123,303243,304083,305898,308788,312621,317130,321925,326709,331406,336046,340572,344944,349135,353069,356736,360256,363812,367524,371455,375533,379574,383314,386576,389277,391499,393429,395339,397420,399746,402244,404787,407183,409295,411084,412608,413946,415220,416515,417855,419212,420557
Marshall Islands,16700,17282,17839,18387,18965,19622,20397,21309,22340,23439,24534,25578,26547,27467,28396,29414,30578,31891,33330,34890,36562,38327,40196,42140,44054,45802,47288,48469,49369,50040,50565,51008,51389,51697,51930,52080,52145,52131,52066,51992,51968,52037,52210,52487,52880,53396,54038,54816,55717,56687
Martinique,306700,311488,315566,318932,321649,323829,325561,326918,327918,328542,328748,328542,327897,326945,326056,325713,326254,327810,330273,333448,337024,340749,344615,348630,352584,356223,359377,361915,363904,365618,367459,369709,372461,375604,378962,382276,385349,388133,390681,393022,395211,397292,399262,401101,402804,404376,405814,407121,408302,409366
Mauritania,956369,983773,1011900,1040792,1070585,1101457,1133539,1166883,1201462,1237242,1274150,1312132,1351167,1391261,1432406,1474597,1517817,1562144,1607553,1653818,1700638,1747839,1795343,1843352,1892328,1942900,1995548,2050456,2107590,2166948,2228453,2292053,2357678,2425374,2495316,2567741,2642743,2720367,2800333,2882003,2964526,3047249,3129959,3212672,3295254,3377630,3459773,3541540,3622961,3704414
Mauritius,735508,753065,769472,784833,799329,813258,826862,840108,852981,865777,878870,892492,906825,921718,936660,950931,964023,975852,986620,996476,1005669,1014450,1022704,1030542,1038704,1048161,1059548,1073250,1088939,1105659,1122040,1137098,1150448,1162388,1173451,1184470,1196027,1208279,1220935,1233594,1245669,1256742,1266684,1275650,1283849,1291609,1299172,1306593,1313803,1320785
Mayotte,29175,30455,31684,32881,34087,35364,36755,38290,39955,41712,43495,45268,47016,48777,50630,52684,55016,57665,60618,63844,67287,70912,74685,78630,82829,87402,92413,97901,103795,109918,116028,121949,127624,133089,138384,143585,148753,153887,158983,164101,169315,174681,180217,185922,191805,197870,204114,210552,217172,223907
Mexico,43574687,44898430,46229966,47572205,48943844,50370262,51868335,53441943,55081201,56771626,58492118,60224601,61969362,63723359,65461471,67152555,68776411,70318386,71788766,73223336,74673296,76175154,77741110,79358780,81010093,82666457,84306602,85923799,87523328,89109703,90691331,92272749,93858373,95441345,97001933,98513690,99959594,101329543,102634153,103902569,105175967,106483757,107835259,109220753,110627158,112033369,113423047,114793341,116146768,117478371
"Micronesia, Fed. Sts.",50481,52236,54199,56322,58403,60166,61431,62105,62297,62288,62474,63143,64383,66106,68217,70546,72962,75456,78048,80667,83232,85682,87950,90037,92040,94105,96319,98749,101314,103780,105825,107233,107904,107947,107605,107237,107103,107290,107728,108325,108926,109419,109789,110092,110367,110676,111064,111542,112098,112726
Moldova,3275331,3335497,3391966,3444753,3495063,3544593,3594501,3645524,3697183,3747974,3795721,3838998,3877052,3910760,3942280,3974656,4009998,4048772,4090009,4132576,4174737,4214996,4252952,4288276,4319579,4345236,4363950,4375242,4378913,4374366,4361061,4338750,4307683,4268370,4221290,4167099,4106736,4040204,3968812,3896409,3827906,3766876,3714961,3671540,3635059,3602853,3572885,3544864,3519266,3495657
Monaco,22643,22749,22886,23046,23234,23448,23689,23968,24282,24605,24902,25153,25341,25482,25617,25802,26078,26459,26930,27459,28004,28533,29036,29521,29990,30447,30896,31330,31745,32154,32574,33014,33485,33974,34444,34840,35126,35288,35341,35323,35282,35260,35267,35295,35336,35377,35407,35427,35444,35456
Mongolia,1076571,1109312,1142272,1175616,1209647,1244846,1281535,1319817,1359478,1400150,1441311,1482599,1523908,1565380,1607212,1649710,1693122,1736994,1781213,1826717,1874774,1926002,1981170,2039204,2096653,2148850,2192553,2226469,2251861,2271236,2288370,2306131,2325369,2345618,2366895,2388862,2411369,2434515,2458853,2485177,2514462,2547339,2584143,2624509,2667474,2711659,2756001,2800114,2844081,2887863
Montenegro,500745,506646,510527,512701,514031,515746,518727,523214,528905,535454,542304,548999,555632,562247,568285,573036,576069,577041,576292,574920,574459,575997,579821,585546,592740,600697,608816,617144,625630,633443,639542,643227,644121,642533,639309,635689,632606,630299,628594,627500,626912,626739,627074,627962,629185,630435,631490,632261,632796,633167
Montserrat,11834,11839,11806,11754,11693,11644,11622,11626,11646,11680,11723,11770,11821,11875,11917,11931,11906,11837,11727,11592,11446,11307,11165,11013,10871,10769,10714,10746,10842,10883,10707,10210,9329,8137,6832,5697,4931,4608,4660,4962,5322,5599,5760,5845,5876,5895,5934,5990,6046,6100
Morocco,12959397,13323000,13703369,14098444,14502647,14908265,15309995,15706226,16099392,16493298,16893643,17304995,17726625,18158169,18604851,19073204,19566920,20088209,20633004,21190800,21747150,22291062,22818601,23330761,23827539,24310585,24781105,25237951,25679802,26107772,26523600,26928600,27323664,27708647,28082684,28444414,28793236,29129204,29453931,29770316,30082152,30392473,30702084,31011199,31321453,31634524,31951412,32272974,32598536,32925553
Mozambique,8296714,8473839,8657160,8847011,9043165,9245275,9453385,9665565,9882427,10109426,10353943,10620268,10908878,11214834,11530022,11843382,12145501,12441643,12731231,12992962,13199259,13334972,13384409,13365201,13336217,13378100,13547076,13867422,14318167,14854590,15409381,15933452,16412893,16862385,17295521,17735992,18200656,18691461,19200021,19721009,20246287,20770013,21290952,21811326,22332900,22858607,23390765,23929708,24475186,25028313
Myanmar,22824142,23330184,23854648,24397064,24960539,25548930,26164131,26807570,27475978,28160632,28849728,29534378,30210895,30880196,31543652,32204485,32864901,33524053,34179992,34832636,35481981,36127741,36770437,37409257,38041034,38661616,39268304,39855885,40425088,40985963,41552659,42133199,42735941,43352191,43952526,44496687,44957660,45323903,45609292,45843675,46070248,46321162,46605278,46915826,47250315,47601374,47963012,48336763,48724387,49119646
Namibia,665298,682554,700317,718623,737803,758305,780386,804310,829810,855970,881536,905652,928223,949709,970537,991357,1012824,1034636,1057115,1082264,1112679,1150038,1195331,1247573,1304005,1360710,1414830,1465201,1512524,1558055,1603865,1651352,1700975,1751872,1802579,1851034,1895839,1936399,1973408,2008342,2043339,2079951,2118653,2158984,2200422,2242078,2283289,2324004,2364433,2404477
Nauru,5500,5738,5936,6102,6241,6368,6493,6619,6743,6862,6972,7070,7156,7235,7311,7393,7488,7597,7719,7855,8007,8174,8356,8550,8752,8956,9157,9354,9544,9719,9863,9970,10033,10058,10056,10046,10041,10046,10057,10075,10094,10114,10133,10154,10180,10212,10255,10308,10370,10437
Nepal,10495972,10707313,10928950,11160972,11403306,11655685,11917872,12189968,12472000,12763547,13064044,13373069,13690544,14016547,14351017,14693930,15045329,15405456,15774532,16152598,16539682,16936006,17341408,17756510,18183258,18624187,19081064,19554170,20042806,20546441,21064150,21594872,22137784,22691788,23255046,23825372,24400606,24980184,25562573,26143530,26717875,27281945,27833665,28373838,28905358,29432743,29959364,30485798,31011137,31535507
Netherlands,12055386,12213435,12368832,12521308,12670558,12816446,12958757,13097251,13231426,13360546,13483746,13600423,13710713,13814863,13912617,14003707,14088274,14166213,14238594,14308217,14378740,14452941,14531566,14614382,14701901,14794378,14891719,14994691,15102709,15212612,15320112,15422165,15517122,15605817,15690705,15775532,15862825,15953446,16045935,16137709,16225091,16305457,16377959,16443483,16503263,16559268,16612988,16664746,16714228,16761552
Netherlands Antilles,144016,146480,149093,151808,154502,156998,159179,160998,162504,163794,165010,166261,167573,168928,170335,171792,173297,174837,176415,178058,179800,181650,183619,185649,187596,189274,190539,191402,191888,191899,191325,190124,188225,185762,183172,181033,179769,179516,180170,181607,183603,185967,188700,191788,194999,198037,200689,202847,204538,205860
New Caledonia,88549,91182,93684,96089,98617,101567,105134,109421,114294,119408,124283,128571,132158,135149,137700,140061,142424,144832,147247,149695,152190,154749,157383,160123,163039,166211,169689,173502,177618,181946,186358,190756,195116,199443,203708,207888,211965,215914,219741,223496,227258,231080,234976,238926,242911,246900,250870,254816,258735,262605
New Zealand,2581577,2628004,2668595,2704213,2738299,2775713,2819597,2871885,2930577,2990130,3042757,3083108,3109010,3122855,3129440,3135831,3147183,3165407,3189133,3216318,3243586,3268709,3290651,3310922,3332798,3360829,3397983,3446005,3503125,3564531,3623421,3675060,3717342,3752131,3783470,3817367,3858032,3906830,3961978,4020769,4079130,4134117,4184903,4232461,4277809,4322628,4368136,4414509,4461257,4508166
Nicaragua,2001105,2061878,2124754,2189679,2256800,2326261,2398160,2472476,2549185,2628337,2709983,2794083,2880571,2969183,3059408,3150596,3242190,3334287,3426782,3518721,3608911,3696667,3781070,3862724,3944304,4029509,4120797,4219176,4323263,4430182,4535802,4637040,4733164,4824799,4911886,4994730,5073704,5148635,5219724,5288271,5356012,5424336,5493527,5563654,5635577,5710230,5788163,5869859,5954898,6041763
Niger,3654806,3765632,3879910,3997810,4119299,4244349,4372957,4505018,4640560,4779869,4923337,5071204,5223853,5381141,5542178,5705724,5871030,6038229,6208128,6381552,6559627,6743501,6933529,7130570,7336924,7555416,7788198,8036341,8299868,8578542,8871631,9178575,9499892,9835945,10185812,10548219,10922421,11308134,11706182,12118322,12546945,12993884,13460138,13945662,14450007,14972257,15511953,16068994,16644339,17239826
Nigeria,50079946,51195706,52341981,53524049,54748444,56023503,57357275,58745411,60191508,61720304,63363756,65141058,67067499,69127157,71269619,73424869,75543388,77604166,79623647,81635550,83691577,85828707,88057486,90363921,92731304,95133496,97552057,99986136,102444773,104931559,107452627,110014688,112618306,115268715,117983368,120784408,123688536,126704722,129832447,133067097,136399438,139823340,143338939,146951477,150665730,154488072,158423182,162470737,166629383,170901148
Niue,5043,5097,5154,5208,5239,5219,5131,4963,4727,4455,4192,3973,3808,3689,3599,3510,3403,3273,3130,2981,2840,2716,2611,2522,2448,2385,2333,2292,2260,2233,2204,2168,2123,2069,2011,1953,1900,1852,1809,1768,1728,1686,1643,1598,1555,1511,1468,1426,1385,1346
Norfolk Island,,,,,,,,,,,,,,,,,,1849,,,,,1977,,,,,1912,,,,,1772,,,,,2037,1870,1850,1840,1830,1830,2110,2128,,,,,
Northern Cyprus,,,,,,,,,,,,,,,,,,,,,,,,,,,,,,,,,,,,,,,,,,,,,,,,,,
Northern Mariana Islands,10901,11157,11489,11882,12318,12766,13203,13658,14142,14605,14978,15232,15316,15293,15390,15906,17048,18906,21392,24308,27362,30341,33174,35906,38571,41244,43973,46727,49456,52161,54852,57517,60173,62766,65138,67075,68432,69184,69393,69105,68404,67381,66006,64349,62707,61473,60917,61174,62152,63597
Norway,3693750,3723001,3753376,3784577,3816102,3847232,3877383,3906490,3934529,3961021,3985401,4007312,4026586,4043440,4058407,4072258,4085621,4098699,4111566,4124588,4138150,4152560,4168003,4184566,4202325,4221299,4241485,4262932,4285620,4309369,4333931,4359096,4385139,4412092,4439248,4465664,4490859,4513953,4535599,4558660,4587046,4623298,4668802,4722016,4778959,4834002,4883111,4924848,4960482,4991997
Oman,614390,630553,647678,666021,685892,707663,731703,758060,787002,819375,856230,898286,945679,998100,1055217,1116489,1181337,1249858,1321650,1395032,1467846,1538575,1605464,1668734,1731168,1796822,1868055,1947042,2031377,2113398,2182619,2232018,2258730,2266469,2262969,2259398,2264163,2279171,2302874,2335967,2378336,2429510,2490620,2561187,2636963,2712141,2782435,2846145,2904037,2957333
Pakistan,50678979,51993059,53359180,54780499,56257610,57790852,59382651,61033754,62751275,64551904,66456937,68482526,70632133,72904319,75303460,77832927,80492664,83280137,86187238,89200001,92300277,95470380,98710951,102011892,105332464,108621443,111844679,114970102,118010303,121029915,124121817,127346713,130737306,134255952,137808222,141261069,144522192,147557907,150407242,153139895,155860066,158645463,161513324,164445596,167442258,170494367,173593383,176745364,179951140,183188847
Palau,10593,10782,10945,11081,11206,11335,11481,11656,11853,12045,12195,12280,12284,12225,12151,12127,12197,12383,12667,13015,13371,13698,13982,14237,14485,14762,15089,15471,15894,16345,16804,17254,17694,18122,18522,18876,19172,19402,19573,19698,19803,19906,20011,20118,20228,20346,20472,20609,20758,20922
Panama,1267907,1305667,1344667,1384801,1425871,1467612,1509822,1552391,1595314,1638624,1682398,1726672,1771458,1816673,1862142,1907645,1953029,1998261,2043413,2088590,2133947,2179624,2225634,2272029,2319035,2366933,2415926,2466083,2517356,2569672,2622903,2676926,2731717,2787228,2843276,2899636,2956126,3012635,3069123,3125565,3181969,3238321,3294583,3350673,3406487,3461901,3516820,3571185,3624991,3678264
Papua New Guinea,2116822,2161087,2208398,2258847,2312978,2371467,2434698,2503009,2576020,2652505,2730770,2809595,2888403,2967506,3047644,3129991,3215339,3304033,3395633,3489227,3583521,3677658,3771385,3865230,3960087,4057228,4157654,4261537,4368815,4479959,4595463,4715617,4840693,4970478,5104153,5240560,5378824,5518586,5659946,5803029,5948135,6095437,6244916,6396307,6549268,6703361,6858266,7013829,7170112,7327281
Paraguay,2118896,2176195,2235296,2296118,2358072,2420365,2482508,2544362,2606357,2669285,2734247,2802133,2873058,2947064,3024857,3107259,3194768,3287677,3385626,3487626,3592275,3698465,3805813,3914302,4023628,4133551,4243860,4354331,4464780,4575121,4685320,4795365,4905150,5014650,5124050,5233615,5343539,5453921,5564709,5675754,5786836,5897816,6008597,6119295,6230242,6341892,6454548,6568290,6682943,6798236
Peru,11143120,11466936,11796103,12131226,12473584,12825119,13187182,13559712,13941958,14333692,14734523,15143887,15561809,15987545,16418798,16852621,17286832,17720017,18152344,18585148,19020616,19460111,19903833,20350457,20797983,21243700,21685537,22122065,22553275,22980182,23404523,23827163,24248671,24667356,25079136,25478577,25861887,26228274,26579252,26916342,27242033,27558769,27866387,28166078,28463338,28765162,29076512,29399817,29733829,30075185
Philippines,29664173,30606162,31551090,32501839,33463836,34444983,35451392,36485095,37545635,38633697,39749340,40892836,42064468,43265378,44497521,45763245,47063923,48399114,49767259,51166963,52596291,54052849,55537110,57046529,58572071,60102139,61628668,63146876,64659225,66173874,67703053,69255386,70831419,72427130,74040838,75669587,77309965,78964389,80630416,82293990,83936698,85546427,87116275,88652631,90173139,91703090,93260798,94852030,96471461,98112780
Pitcairn,,103,,,,,90,,,,,69,,,,,63,,,,,62,,,,,65,,,,,61,,,,,58,,,,,50,,,,,50,,,
Poland,30740557,31121621,31453366,31744824,32008949,32265420,32529022,32803069,33084382,33373543,33669650,33971911,34279654,34593234,34913558,35241738,35577214,35921102,36269149,36608819,36923674,37201804,37438003,37634787,37797656,37935815,38056174,38160714,38247716,38316289,38364540,38391778,38398942,38389116,38366420,38336047,38302444,38266810,38230497,38198151,38175134,38165040,38170330,38189762,38218462,38249228,38276660,38298949,38317090,38331803
Portugal,8925792,8899506,8851326,8786529,8722574,8682998,8684237,8732165,8820645,8939024,9070905,9203339,9333952,9463583,9586166,9695175,9785924,9855958,9905701,9937389,9955005,9962255,9958747,9945601,9930001,9921120,9925477,9946333,9982069,10028171,10077548,10124943,10169044,10211281,10252334,10293668,10336209,10379756,10423256,10465808,10506253,10543663,10577630,10608036,10634612,10657175,10675572,10689663,10699333,10704534
Puerto Rico,2541906,2582056,2614035,2639363,2661527,2685678,2715540,2751922,2793569,2839615,2888504,2938911,2990868,3044298,3097569,3148633,3196011,3239084,3278156,3313869,3347316,3379401,3409992,3439048,3467679,3497297,3528815,3562523,3597861,3633785,3668794,3701618,3732293,3760658,3785040,3803374,3814353,3817231,3812847,3803480,3792373,3781986,3773097,3765404,3758981,3753576,3749009,3745526,3743380,3742334
Qatar,67082,73073,79189,85530,92319,99873,108401,118210,129227,140846,152210,162835,172151,180656,190192,203285,221594,245740,274720,306542,338365,368006,395144,420058,441932,459949,473722,482926,488204,491420,495126,501371,512422,528787,548828,569870,590957,608057,624173,653500,715146,820986,978336,1178192,1396060,1597765,1758793,1870041,1938754,1976840
Reunion,377511,390531,405103,420870,436627,450746,462096,470253,475664,479160,481993,485134,488763,492757,497428,503071,509883,518099,527682,538195,549000,559640,569940,580048,590203,600780,612034,624006,636547,649488,662590,675664,688660,701577,714327,726817,738984,750771,762178,773264,784124,794833,805399,815803,826048,836137,846068,855849,865479,874944
Romania,18870340,19031999,19237491,19480203,19744551,20007565,20252540,20473447,20674980,20863942,21051489,21245107,21447200,21652976,21854285,22039699,22201389,22333737,22439782,22530615,22622239,22724837,22845000,22975571,23096515,23179894,23206719,23169554,23077600,22948987,22810195,22680954,22567385,22465454,22372555,22282690,22191683,22100007,22010781,21925307,21845264,21771749,21705175,21644886,21589544,21537219,21486371,21436495,21387517,21338815
Russia,125644787,126749106,127674585,128441372,129102954,129734240,130391798,131095450,131838010,132616141,133417243,134232512,135063873,135919205,136801278,137713118,138655363,139619492,140598335,141593874,142609801,143642108,144695549,145748948,146740928,147591465,148243501,148673813,148897737,148945559,148866314,148698582,148456965,148139274,147749214,147286725,146757517,146161742,145519641,144880469,144306982,143843159,143510059,143294533,143163100,143064078,142958164,142835555,142703181,142557892
Rwanda,3125315,3220770,3319229,3420890,3526088,3635227,3748672,3866501,3988895,4116446,4249861,4389619,4536057,4688997,4847747,5011299,5178927,5343129,5502531,5669024,5859270,6080907,6356230,6672124,6959599,7124870,7109538,6871192,6452688,5984449,5648306,5570206,5803830,6297733,6944116,7582861,8098344,8456968,8696378,8857859,9009655,9201727,9441406,9710531,10004092,10311275,10624005,10942950,11271786,11608439
Saint Barthlemy,,,,2351,,,,,,,2491,,,,,,,,3059,,,,,,,,5038,,,,,,,,,6852,,,,,,,,8450,,,9141,,,
Saint Helena,4629,4639,4671,4725,4791,4865,4937,5008,5078,5144,5203,5253,5291,5317,5339,5364,5399,5446,5500,5556,5602,5631,5640,5633,5611,5578,5537,5488,5430,5370,5312,5261,5220,5187,5155,5115,5059,4986,4901,4805,4702,4598,4493,4388,4288,4197,4118,4055,4005,3970
Saint Kitts and Nevis,49930,49207,48351,47380,46398,45537,44887,44498,44339,44328,44342,44289,44146,43939,43685,43422,43174,42952,42746,42538,42298,42015,41674,41296,40955,40745,40731,40941,41349,41899,42511,43121,43714,44302,44888,45479,46083,46695,47307,47923,48543,49173,49811,50455,51102,51752,52402,53051,53697,54338
Saint Lucia,95264,96738,98263,99834,101385,102825,104101,105169,106064,106905,107857,109038,110501,112203,114053,115915,117691,119337,120897,122463,124172,126116,128336,130776,133315,135777,138042,140056,141863,143551,145255,147067,149022,151079,153172,155204,157108,158859,160491,162055,163631,165275,167002,168793,170624,172458,174267,176044,177794,179515
Saint Martin,,,,,,,,,,,,,,,,,,,,,,,,,,,,,,,,,,,,,,,,,,,,,29376,,,,,
Saint Vincent and the Grenadines,85076,85973,86863,87741,88623,89527,90465,91445,92463,93507,94556,95591,96609,97611,98590,99539,100450,101316,102135,102915,103669,104402,105123,105819,106465,107016,107449,107755,107950,108051,108089,108087,108049,107979,107907,107869,107891,107987,108150,108354,108566,108755,108918,109060,109178,109269,109333,109365,109367,109354
Saint-Pierre-et-Miquelon,5049,5095,5152,5218,5291,5372,5457,5548,5644,5736,5817,5883,5929,5957,5973,5985,5999,6015,6033,6054,6079,6107,6141,6179,6218,6253,6279,6296,6304,6305,6303,6301,6300,6297,6293,6285,6270,6249,6223,6194,6164,6137,6112,6090,6072,6057,6046,6041,6039,6042
Samoa,123530,126931,130320,133661,136856,139783,142354,144528,146330,147835,149155,150373,151524,152593,153557,154371,155016,155488,155831,156122,156459,156919,157531,158290,159187,160198,161308,162504,163790,165172,166662,168257,169969,171766,173543,175169,176549,177645,178488,179141,179699,180237,180766,181277,181809,182401,183081,183874,184772,185727
San Marino,17032,17439,17838,18227,18588,18895,19136,19299,19395,19465,19565,19734,19988,20313,20683,21054,21398,21707,21990,22255,22515,22776,23041,23304,23571,23847,24134,24442,24769,25098,25406,25678,25897,26077,26271,26551,26967,27543,28251,29013,29722,30301,30721,31007,31198,31359,31534,31735,31945,32156
Sao Tome and Principe,64265,64803,65962,67637,69646,71709,73630,75334,76896,78435,80137,82124,84449,87038,89740,92340,94688,96721,98502,100162,101899,103852,106067,108493,111050,113620,116117,118512,120835,123137,125488,127935,130499,133152,135838,138475,141010,143430,145761,148038,150311,152622,154970,157361,159852,162515,165397,168526,171878,175383
Saudi Arabia,4622460,4787033,4957637,5137042,5329207,5539331,5771846,6028687,6311207,6622572,6966138,7344638,7756072,8200523,8684651,9217019,9801475,10440852,11126570,11836762,12542098,13220479,13862213,14469298,15045709,15600314,16139053,16669764,17189075,17679720,18117969,18491845,18786467,19020639,19256649,19578923,20045276,20681576,21463072,22334371,23213767,24041116,24799436,25504176,26166639,26809105,27448086,28082541,28705133,29319402
Senegal,3403161,3504782,3612246,3725151,3843517,3967316,4096245,4231030,4370991,4512774,4651922,4785536,4912200,5033645,5154054,5279383,5414070,5559400,5714508,5879044,6051962,6232395,6420323,6615896,6818495,7027320,7241573,7461567,7686866,7915080,8143140,8369125,8591861,8812695,9035367,9265135,9505862,9758841,10023194,10297956,10581316,10871908,11169549,11474661,11787123,12106865,12433728,12767556,13107945,13454191
Serbia,7831873,7889351,7944927,7999327,8054147,8111427,8172645,8238178,8307669,8380884,8457297,8536301,8618095,8702227,8786614,8868545,8946077,9019281,9088833,9154306,9215339,9272302,9322048,9365835,9413538,9478469,9568744,9689735,9834717,9984888,10114158,10203932,10248363,10253548,10227702,10184152,10133561,10076784,10013058,9949713,9895409,9856152,9835841,9832994,9841360,9851440,9856222,9853969,9846582,9835010
Serbia excluding Kosovo,6553345,6616174,6679670,6734744,6792148,6847754,6899922,6958528,7023750,7083225,7149280,7216985,7278470,7338958,7395174,7449587,7565921,7581337,7631673,7677979,7685681,7730951,7774033,7798925,7832155,7866504,7897937,7595636,7604063,7614328,7622711,7628264,7622185,7598538,7567745,7540401,7516346,7503433,7500031,7480591,7463157,7440769,7431485,7438779,7445215,,,,,
Seychelles,45469,46544,47566,48554,49535,50560,51659,52841,54087,55357,56605,57791,58906,59958,60952,61897,62807,63677,64505,65310,66107,66914,67737,68572,69411,70234,71031,71800,72549,73285,74016,74755,75494,76235,76999,77810,78685,79634,80640,81660,82631,83513,84291,84975,85568,86079,86518,86879,87169,87417
Sierra Leone,2333500,2373308,2414620,2457448,2501620,2546888,2593123,2640264,2688527,2738398,2790525,2845392,2903199,2963880,3027332,3093342,3161751,3230990,3300789,3373661,3453115,3540728,3639732,3746944,3849915,3931817,3981567,3995290,3979553,3946835,3915066,3898363,3898177,3913681,3953705,4028260,4143115,4303850,4505515,4730020,4952134,5153435,5327364,5478289,5612129,5739293,5867536,5997486,6126450,6255163
Singapore,1836072,1879561,1921095,1960551,1998650,2036291,2074099,2112908,2152644,2191970,2228945,2262444,2291674,2317849,2344275,2375464,2414563,2463269,2520493,2583219,2646959,2708638,2766830,2823012,2880470,2943941,3016624,3099465,3190692,3287420,3385486,3481674,3576537,3670693,3761263,3844693,3919300,3980956,4032217,4086050,4160158,4265999,4409955,4584894,4772216,4945645,5086418,5187933,5256278,5300914
Slovak Republic,4302571,4344322,4381278,4414055,4444651,4475755,4509366,4546043,4585443,4627506,4671864,4718093,4766402,4816543,4867021,4915864,4961607,5003672,5042276,5077753,5110779,5141880,5170942,5197804,5222922,5246884,5270072,5292792,5314849,5335519,5353767,5368894,5380807,5389895,5396548,5401350,5404845,5407045,5408162,5409182,5411339,5415496,5422122,5430974,5441304,5451968,5462119,5471502,5480332,5488775
Slovenia,1621265,1630299,1638169,1645201,1652157,1660081,1669731,1681246,1694389,1709055,1725015,1742004,1760125,1779184,1798248,1816102,1831881,1845186,1856261,1865704,1874446,1883179,1892015,1900766,1909475,1918131,1926701,1935302,1943919,1952220,1959752,1966205,1971488,1975755,1979261,1982378,1985406,1988385,1991319,1994426,1997959,2002084,2006903,2012345,2018172,2024040,2029680,2035012,2040057,2044766
Solomon Islands,140000,143000,147000,151000,154000,158000,160256,166067,172319,178926,185758,192719,199775,206940,214224,221651,229235,236984,244877,252860,260869,268862,276815,284761,292787,301012,309527,318371,327529,336960,346599,356404,366363,376511,386906,397627,408732,420232,432107,444344,456919,469805,483000,496490,510221,524125,538148,552267,566481,580791
Somalia,3094969,3170982,3254907,3347825,3442418,3528415,3601206,3646798,3673532,3725116,3860931,4117971,4521026,5042594,5603598,6093765,6435589,6597719,6608106,6521168,6419685,6363791,6372348,6426592,6504572,6570210,6599249,6585079,6543380,6498410,6484228,6524697,6628554,6786636,6982940,7193120,7399033,7596920,7791254,7981955,8170899,8359859,8547497,8733493,8922260,9119848,9330872,9556873,9797445,10052842
South Africa,19308185,19813932,20325179,20843695,21374801,21926000,22502306,23106584,23736249,24384286,25040691,25698624,26353940,27009603,27674353,28360792,29077186,29828924,30611185,31409842,32204995,32983394,33734360,34464223,35196881,35966236,36793907,37690924,38641823,39609488,40542036,41402400,42175740,42873355,43516225,44137342,44760380,45389577,46015405,46631364,47226670,47792787,48330914,48842462,49319363,49751503,50132817,50459978,50738255,50981076
South Sudan,2600994,2664019,2728851,2795865,2866074,2940782,3020949,3107019,3198874,3296208,3398449,3505168,3615772,3730284,3849541,3974741,4106390,4245451,4390699,4537851,4681151,4816725,4942648,5060777,5175686,5294006,5420563,5556767,5701228,5852564,6008344,6166715,6327927,6492553,6659415,6827051,6994624,7161267,7327782,7497047,7673043,7858543,8054628,8260226,8473315,8940854,9415421,9897118,10386101,10881979
Spain,31764645,32108561,32443113,32770565,33098047,33436107,33791761,34165661,34553119,34949102,35346395,35738587,36124485,36501995,36862658,37196233,37495321,37757496,37984198,38177151,38339878,38476148,38586351,38673057,38745231,38814280,38889158,38979222,39086335,39203352,39318577,39426834,39519508,39608652,39734033,39948910,40288457,40767010,41364726,42039800,42732092,43395441,44017887,44604384,45146258,45638113,46076989,46454895,46771596,47042602
Sri Lanka,10962237,11215216,11477133,11746217,12018646,12289319,12554583,12812407,13063663,13311145,13559172,13810647,14066703,14325640,14584167,14837618,15082771,15317817,15544043,15765034,15986020,16210466,16439169,16669911,16899425,17123045,17337048,17542866,17740936,17925624,18089720,18229498,18340596,18428257,18510095,18610110,18745084,18921794,19134096,19369853,19610604,19842536,20062070,20272269,20473799,20669142,20859949,21045394,21223550,21393876
Sudan,10111923,10356949,10608998,10869525,11142482,11432923,11744590,12079205,12436311,12814718,13212203,13627096,14057092,14502283,14965920,15452659,15964476,16505106,17069788,17641875,18198981,18726053,19215610,19674861,20121591,20581590,21073606,21603126,22164751,22753100,23358732,23974432,24601180,25241197,25889911,26541630,27193105,27840967,28488328,29146386,29830604,30551777,31314098,32113409,32941836,33537455,34136520,34735288,35335982,35940905
Suriname,323298,332197,341643,351379,360486,367733,372297,373795,372648,369834,366767,364497,363386,363227,363818,364751,365749,366770,368027,369782,372398,376102,381012,386974,393605,400375,406890,413011,418828,424455,430102,435920,441896,447957,454124,460419,466846,473431,480132,486800,493236,499294,504913,510136,515066,519861,524636,529419,534175,538882
Svalbard,,,,,,,,,,,,,,,,,,,,,,,,,,,3544,3405,3309,3017,2977,2906,2844,2827,2596,2423,2376,2464,2529,2489,2375,2400,,,2165,,,,,
Swaziland,382477,391553,401184,411365,422152,433598,445735,458611,472236,486560,501509,517024,533202,550089,567534,585327,603385,621346,639383,658564,680341,705602,734925,767579,801540,833994,862947,887467,908158,926420,944404,963591,984632,1006824,1028708,1048174,1063832,1075083,1082777,1088724,1095487,1104909,1117604,1133007,1150344,1168345,1186056,1203330,1220408,1237166
Sweden,7676568,7734003,7796427,7862718,7929066,7990318,8042839,8084965,8117863,8144217,8168135,8192569,8218933,8246302,8272581,8294604,8310467,8319266,8322909,8325682,8333446,8350392,8377422,8413155,8456561,8505752,8558829,8616729,8678657,8738894,8789976,8826949,8847421,8853934,8852650,8852487,8860153,8877022,8901831,8935392,8977965,9029345,9090707,9161374,9236872,9311110,9379687,9440747,9495392,9545823
Switzerland,5729362,5829839,5916770,5991515,6056165,6114502,6169124,6221393,6269871,6311231,6340818,6355947,6355012,6340979,6321339,6306326,6303346,6315530,6341096,6376512,6415987,6455375,6493102,6530777,6571061,6617925,6673738,6740104,6814701,6891266,6961228,7018702,7060963,7090483,7112948,7136740,7167908,7207987,7254975,7307078,7361231,7415007,7468350,7521613,7573204,7621211,7664318,7701690,7733709,7761820
Syria,5202606,5378287,5561371,5751807,5949690,6155081,6368017,6588936,6817940,7054361,7297254,7546139,7800152,8059995,8328592,8609920,8906543,9219690,9547693,9886629,10230958,10576592,10921760,11267240,11614542,11966274,12324116,12690183,13063423,13438799,13809349,14171130,14518843,14856464,15200324,15572833,15988534,16454926,16962918,17490104,18004797,18484122,18920727,19321300,19694259,20053743,20410606,20766037,21117690,21468962
Taiwan,12631000,12978000,13321000,13649000,13962000,14282000,14598000,14918000,15226000,15526000,15824000,16122000,16450000,16785000,17112000,17450000,17848000,18177000,18501000,18803000,19083000,19337000,19556000,19758000,19976000,20208000,20278000,20492000,20687000,20886000,21093000,21290000,21458000,21639000,21834000,22008000,22183000,22336000,22451000,22543000,22622000,22701000,22782000,22859000,22921000,22974000,23025000,23072000,23114000,23151000
Tajikistan,2424189,2512493,2598074,2681780,2765317,2851284,2941501,3036693,3136061,3238090,3340561,3441990,3541938,3641296,3741547,3844809,3952691,4064671,4180321,4301334,4429847,4566786,4713454,4867754,5023022,5170285,5303152,5418785,5519021,5607922,5691845,5775404,5860334,5945181,6027676,6104268,6172807,6232587,6285809,6336724,6391120,6453240,6524634,6604426,6691416,6783390,6878637,6976958,7078755,7183529
Tanzania,11338515,11682835,12038154,12405300,12786751,13185749,13604523,14044480,14504837,14982938,15474884,15977990,16491445,17016577,17555450,18111097,18685789,19281182,19897071,20531760,21182600,21848290,22525148,23215060,23928658,24680404,25478979,26331511,27230502,28152305,29064223,29943732,30783155,31592450,32388671,33197305,34038161,34917073,35832494,36788281,37786946,38831024,39923609,41068185,42267667,43524738,44841226,46218486,47656367,49153002
Thailand,30839333,31792743,32771644,33774026,34799247,35846930,36915397,38004462,39109571,40219377,41319380,42398941,43453204,44483729,45494423,46492281,47482643,48460289,49422519,50379788,51346204,52328663,53339762,54368583,55370526,56284973,57072058,57711519,58225969,58671177,59126690,59650157,60258113,60933752,61660383,62408639,63155029,63898879,64642931,65370277,66060383,66698483,67276383,67796451,68267982,68706122,69122234,69518555,69892142,70243267
Timor-Leste,537278,547681,558110,568440,579184,591068,604382,620126,637590,653351,662785,662962,652072,632134,608743,589744,580707,583764,597067,617347,639513,659846,677073,692306,706986,723453,743145,767267,794561,821141,841687,852817,852280,842341,829617,823386,830089,852522,888099,931324,974024,1010367,1038572,1060770,1079749,1099887,1124355,1153834,1187194,1223665
Togo,1654451,1699541,1763332,1843004,1931480,2018669,2097273,2165335,2225052,2278418,2328971,2379649,2430120,2480291,2533721,2594914,2666921,2751151,2846305,2949279,3055479,3161327,3266857,3372562,3475964,3574135,3665509,3747750,3822591,3897510,3982804,4085492,4208738,4349349,4500173,4650754,4793504,4926142,5050919,5170252,5288273,5408044,5529908,5652811,5776837,5901859,6027798,6154813,6283092,6412560
Tokelau,1948,1924,1878,1813,1738,1670,1618,1587,1574,1574,1577,1575,1567,1556,1545,1543,1554,1581,1619,1661,1694,1713,1712,1696,1669,1637,1609,1583,1558,1538,1524,1520,1529,1548,1566,1571,1552,1504,1432,1349,1271,1210,1170,1148,1139,1136,1135,1134,1136,1141
Tonga,71758,74364,76787,79049,81096,82879,84369,85518,86347,86982,87606,88343,89252,90290,91354,92292,92999,93443,93673,93766,93829,93944,94139,94392,94674,94938,95150,95305,95426,95541,95691,95907,96196,96551,96966,97431,97935,98476,99053,99659,100286,100926,101584,102254,102910,103519,104058,104509,104891,105265
Trinidad and Tobago,883421,893922,907340,922942,939413,954771,967658,977679,985548,992348,999650,1008617,1019403,1031694,1045600,1061140,1078200,1097067,1117461,1138006,1156858,1172735,1185012,1194138,1201224,1207942,1215494,1224233,1233753,1243590,1253000,1261443,1268851,1275460,1281396,1286871,1292058,1296962,1301576,1306065,1310622,1315386,1320418,1325672,1331040,1336349,1341465,1346350,1350999,1355342
Tunisia,4541457,4630000,4723497,4821782,4923201,5025402,5127001,5226965,5326668,5430023,5542400,5667516,5806713,5958456,6120018,6287287,6457092,6628154,6800734,6974955,7151430,7330267,7511099,7692463,7872065,8047027,8215111,8375587,8528401,8672916,8808669,8935523,9053410,9162870,9265266,9362447,9456117,9546453,9634180,9722180,9814009,9912114,10017832,10130368,10247325,10365089,10480934,10594057,10704948,10813680
Turkey,31109820,31837999,32556294,33267998,33982141,34711167,35464196,36245756,37054168,37884870,38730367,39585821,40446729,41316297,42206204,43132612,44105216,45130008,46198027,47285732,48360679,49399630,50393538,51349154,52278499,53200802,54130268,55068880,56012109,56959988,57911273,58864649,59821978,60783217,61742674,62692616,63627862,64544914,65446165,66339433,67235927,68143186,69063538,69992754,70923730,71846212,72752325,73639596,74508771,75359032
Turkmenistan,1829697,1890000,1949425,2008148,2066889,2126749,2188499,2252386,2318070,2385039,2452528,2520002,2587417,2655036,2723006,2791575,2861000,2931343,3002785,3075867,3151262,3229499,3310059,3392823,3479088,3570558,3668000,3772350,3881973,3991917,4095512,4188010,4267690,4335991,4395293,4449427,4501419,4551737,4600093,4647912,4696771,4747839,4801847,4858843,4918396,4979672,5041995,5105301,5169660,5234640
Turks and Caicos Islands,5705,5669,5629,5589,5563,5573,5632,5750,5924,6132,6346,6546,6723,6886,7057,7262,7525,7855,8244,8670,9096,9501,9872,10222,10587,11018,11549,12216,13005,13848,14644,15333,15859,16275,16763,17573,18873,20728,23044,25625,28191,30531,32590,34404,35960,37271,38354,39184,39761,40159
Tuvalu,6687,6819,6935,7037,7128,7213,7296,7379,7459,7538,7613,7685,7752,7816,7883,7959,8051,8160,8284,8413,8537,8648,8741,8821,8889,8949,9004,9056,9103,9148,9188,9227,9264,9298,9334,9374,9419,9471,9530,9590,9646,9694,9732,9762,9786,9806,9827,9847,9867,9888
Uganda,7746988,8014352,8290837,8576166,8866641,9157569,9445932,9730174,10012125,10296444,10589763,10897136,11221247,11561734,11917048,12284315,12662131,13049012,13447769,13866291,14315090,14801113,15327718,15891143,16482365,17088426,17699717,18314701,18935726,19561967,20193432,20831075,21473592,22123185,22788843,23482533,24213120,24984181,25794397,26641627,27521632,28431204,29370251,30339895,31339392,32367909,33424683,34509205,35620977,36759274
Ukraine,44868657,45340503,45779461,46187918,46573376,46947038,47316501,47685533,48050256,48401549,48726373,49015998,49266997,49484239,49677426,49860466,50043550,50227328,50408687,50589152,50769702,50949364,51128208,51301215,51455595,51574638,51644914,51666114,51637719,51546666,51377434,51121722,50773323,50342838,49860125,49366106,48891792,48448267,48032368,47643278,47275250,46923927,46591797,46282158,45991584,45715010,45448329,45190180,44940268,44696741
United Arab Emirates,134478,146387,156934,167420,180858,201308,231754,272529,322868,383152,453530,533554,624390,724684,828378,927412,1016228,1092153,1157336,1217021,1279010,1349000,1428788,1516782,1611257,1709232,1808642,1909812,2014095,2121704,2232980,2348539,2473983,2611610,2755497,2897038,3033491,3149440,3254691,3400959,3658042,4069349,4662728,5405541,6206623,6938815,7511690,7890924,8105873,8207940
United Kingdom,54006245,54349899,54666008,54954044,55212835,55443064,55645390,55819499,55964697,56081455,56170690,56234250,56273041,56290629,56295032,56296406,56303011,56317534,56341308,56379327,56436762,56516908,56622956,56753658,56902081,57058173,57214474,57369629,57525459,57681639,57838596,57997210,58156871,58318771,58488026,58671413,58874117,59097129,59339971,59604347,59891788,60202727,60538143,60896101,61270318,61652315,62035570,62417431,62798099,63177406
United States,197094531,199452508,201657141,203717833,205672498,207573866,209463865,211355529,213250350,215164616,217113584,219108358,221161377,223274855,225436004,227624232,229825004,232035086,234261242,236510688,238794274,241119752,243495805,245920994,248381577,250857751,253339097,255807342,258275919,260803255,263468980,266323717,269393632,272643340,275986072,279300030,282496310,285544778,288467308,291290823,294063120,296820296,299564470,302284564,304989064,307686729,310383948,313085380,315791284,318497630
Uruguay,2664775,2693906,2722232,2749441,2774109,2794374,2809117,2817577,2820734,2821367,2823326,2829391,2840601,2856206,2874998,2894983,2914683,2933904,2953118,2972284,2991478,3010766,3029948,3048955,3068166,3088110,3109122,3131140,3153857,3177035,3200342,3223401,3246484,3269301,3290261,3307290,3319066,3324810,3325379,3323124,3321367,3322529,3327451,3335528,3345967,3357391,3368786,3380008,3391428,3403117
Uzbekistan,9888629,10233502,10574321,10912708,11253870,11605561,11972994,12358535,12759275,13168838,13578159,13980997,14374729,14762133,15148932,15543520,15951899,16375762,16812955,17260951,17715706,18174143,18634041,19095670,19561181,20033912,20515248,21005364,21500062,21990917,22466866,22919357,23347452,23751722,24127427,24469439,24775610,25042537,25275028,25489492,25708188,25947414,26213729,26503833,26811974,27128063,27444702,27760267,28077486,28398155
Wallis et Futuna,9174,9224,9206,9133,9026,8921,8841,8792,8775,8809,8919,9118,9412,9793,10240,10728,11232,11751,12278,12778,13207,13534,13742,13843,13869,13870,13882,13914,13957,14013,14077,14146,14224,14311,14396,14462,14499,14503,14477,14424,14345,14247,14128,13989,13843,13698,13566,13450,13348,13263
Vanuatu,72131,74287,76410,78520,80672,82945,85393,88029,90831,93768,96799,99886,103031,106231,109436,112587,115641,118584,121438,124252,127097,130030,133041,136129,139368,142852,146636,150791,155270,159857,164254,168263,171783,174921,177946,181239,185074,189544,194555,199968,205561,211170,216760,222377,228041,233790,239651,245619,251674,257812
Venezuela,8759890,9067485,9375646,9686071,10003238,10333268,10680678,11045959,11428022,11827681,12245478,12681017,13135849,13607958,14088961,14567680,15036273,15490555,15932973,16370463,16813481,17269324,17740108,18222505,18711830,19201096,19685177,20162745,20635233,21103592,21569680,22034909,22499248,22962221,23424338,23886213,24348304,24810691,25273336,25736393,26199994,26664122,27128721,27593427,28057485,28519913,28979857,29436891,29890694,30340637
West Bank and Gaza,1181587,1190923,1184258,1164684,1140772,1124574,1124591,1144161,1180264,1227284,1276627,1322064,1362064,1398736,1433821,1470297,1510360,1554600,1602309,1652945,1705584,1759763,1815117,1872515,1934197,2003149,2081424,2169061,2265030,2368849,2479672,2596289,2719644,2848359,2976131,3094711,3198560,3284920,3356379,3419418,3483483,3555582,3637689,3728259,3826546,3930672,4039192,4152369,4270791,4393572
Western Sahara,46308,50938,56561,63023,69339,74168,76691,76196,73333,70287,70089,74789,85344,100766,118776,136080,150303,160677,167963,173189,178007,183630,190327,197692,205489,213285,220794,228137,235580,243167,250946,259049,267217,275674,285582,298482,315340,336758,362070,389412,416172,440469,461610,480140,496923,513367,530500,548377,566613,585270
Vietnam,38898597,39884879,40880598,41883842,42893258,43908540,44927973,45957991,46994771,48015047,48987973,49895731,50724015,51490844,52250324,53076862,54023152,55109176,56317461,57616926,58959045,60307305,61647642,62986915,64333357,65702500,67101583,68535628,69987617,71416812,72769366,74008073,75117209,76111109,77020331,77890899,78758010,79629676,80500625,81377056,82262996,83161145,84075580,85007447,85951912,86901173,87848445,88791996,89730274,90656550
Virgin Islands (U.S.),46122,49610,52624,55278,57831,60675,64070,68102,72610,77310,81802,85790,89169,92008,94399,96498,98423,100216,101827,103177,104146,104668,104698,104319,103761,103333,103253,103618,104356,105315,106260,107018,107546,107903,108132,108316,108511,108726,108933,109122,109270,109363,109401,109389,109327,109216,109056,108846,108590,108300
"Yemen, Rep.",5527652,5632206,5737000,5842868,5947698,6048704,6144992,6235264,6323380,6419984,6539217,6691425,6880620,7104782,7360655,7642329,7945180,8270681,8620116,8988432,9369068,9758220,10149222,10544972,10962489,11425336,11948209,12540234,13190192,13867656,14530275,15148172,15710211,16226938,16716850,17208494,17723186,18266008,18831819,19419710,20026117,20648643,21288070,21946990,22626595,23328214,24052514,24799880,25569263,26358020
Zambia,3430747,3537265,3647470,3761707,3880914,4006340,4138837,4278863,4426079,4579560,4737942,4900255,5066012,5235519,5409528,5589172,5775165,5967511,6165560,6368542,6575403,6785211,6998307,7214499,7431752,7647450,7860053,8067972,8272498,8478471,8692599,8919456,9161931,9418120,9682058,9945115,10201562,10449825,10693471,10938261,11192422,11462365,11750105,12055384,12379612,12723746,13088570,13474959,13883577,14314515
Zimbabwe,4279524,4422087,4568266,4718550,4874043,5036244,5206229,5385233,5573154,5768190,5967705,6170260,6374197,6581329,6797807,7032001,7289463,7571447,7874642,8194203,8523090,8855279,9189169,9523376,9852244,10169188,10469202,10748215,11005690,11244552,11469872,11684693,11891290,12086519,12261742,12405236,12509477,12575015,12607791,12612956,12597877,12570686,12529655,12481245,12451543,12473992,12571454,12754378,13013678,13327925
land,,,,,,,20666,,,,,,,,,,22783,,,,,,,,,,24604,,,,,,,,,,25776,26008,26257,26347,26530,26766,26923,,,,26923,,,
